INSERT INTO one_login_user (id, created_date)
VALUES ('urn:fdc:gov.uk:2022:n93slCXHsxJ9rU6-AFM0jFIctYQjYf0KN9YVuJT-cao','2024-10-15 00:00:00+00'), -- Team-PRSDB+laadmin@softwire.com
       ('urn:fdc:gov.uk:2022:cgVX2oJWKHMwzm8Gzx25CSoVXixVS0rw32Sar4Om8vQ','2024-10-15 00:00:00+00'), -- Team-PRSDB+lauser@softwire.com
       ('urn:fdc:gov.uk:2022:_RNZomOzEjxF4o2NzxWskS062b7hTVWLFI8TYsmoWAk', '2025-02-19 12:01:07.575927+00'), -- travis.woodward@communities.gov.uk
       ('urn:fdc:gov.uk:2022:DySqeEXIC4G2xauOirtTDcezwCPLZgQPUQZmQ-aIIMk', '2025-02-26 17:02:19.625996+00'), -- travis.woodward@softwire.com
       ('urn:fdc:gov.uk:2022:e4eN4Mujv2NMVut4mIPzRlwpyBL3sBE304GgGlxgd-Q', '2025-02-27 14:13:11.876928+00'), -- simon.greensmith@communities.gov.uk
       ('urn:fdc:gov.uk:2022:A9B5GpzhlOrNoGQM65oUESHL5i3O9fp0wjizEFVcCrU','2025-03-06 15:32:59.529898+00'), -- alexander.read@softwire.com
       ('urn:fdc:gov.uk:2022:RR3fauA1ZgHYuLjW9824VtLzegGG9NXfdHJrtg2hIAE','2025-03-11 11:28:52.837278+00'), -- niamh.rafferty@communities.gov.uk
       ('urn:fdc:gov.uk:2022:07lXHJeQwE0k5PZO7w_PQF425vT8T7e63MrvyPYNSoI','2025-03-12 17:12:19.833105+00'), -- jasmin.conterio@softwire.com
       ('urn:fdc:gov.uk:2022:ListhqO1Hu6G90tyF_Rozj4F0YkLHreBnCQZ3JQSiEU','2025-03-17 10:13:36.388805+00'), -- kiran.randhawakukar@softwire.com
       ('urn:fdc:gov.uk:2022:mwfvbb5GgiDh0acjz9EDDQ7zwskWZzUSnWfavL70f6s','2025-03-18 10:13:36.388805+00'), -- isobel.ibironke@softwire.com
       ('urn:fdc:gov.uk:2022:mGHDySEVfCsvfvc6lVWf6Qt9Dv0ZxPQWKoEzcjnBlUo','2024-10-15 00:00:00+00'), -- Team-PRSDB+landlord@softwire.com
       ('urn:fdc:gov.uk:2022:ea8XwChQkjezm4MgGJIzI_HRm7l8IPPTIMT705UQXjI','2025-02-27 13:56:15.745135+00'), -- geetika.kejriwal@communities.gov.uk
       ('urn:fdc:gov.uk:2022:kob7zYIuzdrUxKTYq7160l_6Tj2ScXTPJ876jZVvAFA','2025-02-27 13:58:02.81462+00'), -- catherine.graham2@communities.gov.uk
       ('urn:fdc:gov.uk:2022:sgO5-g7fThIp2MhXMcvFo5N6ObnstGFVNSYFkghMd24','2025-03-06 08:22:41.002251+00'), -- Team-PRSDB+Unverified@softwire.com
       ('urn:fdc:gov.uk:2022:La9gwI6zvuzT3yvKjsKEH2cDbtL88wNbiqAeXQ0plEM','2025-03-06 10:33:22.395944+00'), -- team-prsdb+verified@softwire.com
       ('urn:fdc:gov.uk:2022:Fv4k6DizfhFmrw4d17Virjsy3A-XCm_WxR2knMUQ394', '2025-04-01 10:47:41.04984+00'), -- Jonathan.Gibbs@communities.gov.uk
       ('urn:fdc:gov.uk:2022:i5RkOLo_ylby2zEQPZRUigPowq3pxJOeIN4a6uJb9hg', '2025-04-01 10:53:06.710827+00'), -- Samuel.Hinkinson@communities.gov.uk
       ('urn:fdc:gov.uk:2022:DXI5RSmCmbPQQhBAPCbw1nkL-Dauufg6VOWdR9TuYlk', '2025-04-01 11:15:40.136113+00'), -- norris.orighoye@communities.gov.uk
       ('urn:fdc:gov.uk:2022:vgKfvjYRO1LnJkmBr7CkEV62g9WoDeD-sZZNt9GCiVU', '2025-04-02 12:52:16.995889+00'), -- sharan.flora@communities.gov.uk
       ('urn:fdc:gov.uk:2022:pciqch9dYbtBx2rAhxvaCIEu00cQv3NFeIk5f4BesLo', '2025-04-02 13:01:55.29454+00'), -- rowan.hill@softwire.com
       ('urn:fdc:gov.uk:2022:TSEDw_HXmsLDuNj2bLV5fOLuAvooeSYlupbEykMhWj8', '2025-04-03 13:22:09.925662+00'), -- mayur.shah@communities.gov.uk
       ('urn:fdc:gov.uk:2022:aDESlOYLkXmBVUJXUGd5PAGx55uR068Fe16lRN7VzyY', '2025-04-03 13:38:10.243392+00'), -- nicola.halliday@communities.gov.uk
       ('urn:fdc:gov.uk:2022:EeoMrsw0n0qpf_djwIRYUQ7vXLm1z1v62psIb53RiVE', '2025-04-09 14:23:39.070368+00'), -- paul.denman@communities.gov.uk
       ('urn:fdc:gov.uk:2022:L7hY9vy-Lo9uLDUUqYGK7o0ruguFKG2V17iOKIGpspY', '2025-04-17 09:49:19.826514+00'), -- andrea.dunne@communities.gov.uk
       ('urn:fdc:gov.uk:2022:Q2BSE6pweSpQF8oSBhjHAIjEuLlkRJZzJQ4TO0c7wgI', '2025-04-22 10:55:55.704192+00'), -- sandra.lila@communities.gov.uk
       ('urn:fdc:gov.uk:2022:GzFopg--2AyE6XtssVWwQTPELVQFupHJOjpONWS2uz0', '2025-05-01 10:33:22.395944+00'); -- Team-PRSDB+systemoperator@softwire.com

INSERT INTO form_context (id, created_date, last_modified_date, journey_type, context, subject_identifier)
VALUES (1, current_date, current_date, 3, '{"lookup-address":{"houseNameOrNumber":"1","postcode":"WC2R 1LA"},"looked-up-addresses":"[{\"singleLineAddress\":\"1, SAVOY COURT, LONDON, WC2R 0EX\",\"localAuthorityId\":318,\"uprn\":100023432931,\"buildingNumber\":\"1\",\"streetName\":\"SAVOY COURT\",\"townName\":\"LONDON\",\"postcode\":\"WC2R 0EX\"}]","select-address":{"address":"1, SAVOY COURT, LONDON, WC2R 0EX"},"property-type":{"customPropertyType":"","propertyType":"DETACHED_HOUSE"}}','urn:fdc:gov.uk:2022:mGHDySEVfCsvfvc6lVWf6Qt9Dv0ZxPQWKoEzcjnBlUo'),
       (2, '2024-10-15 00:00:00+00', null, 7, '{}','urn:fdc:gov.uk:2022:mGHDySEVfCsvfvc6lVWf6Qt9Dv0ZxPQWKoEzcjnBlUo'),
       (3, '2025-01-15 00:00:00+00', null, 7, '{}','urn:fdc:gov.uk:2022:mGHDySEVfCsvfvc6lVWf6Qt9Dv0ZxPQWKoEzcjnBlUo'),
       (4, '2025-01-15 00:00:00+00', null, 7, '{}','urn:fdc:gov.uk:2022:mGHDySEVfCsvfvc6lVWf6Qt9Dv0ZxPQWKoEzcjnBlUo'),
       (5, '2025-01-15 00:00:00+00', null, 7, '{}','urn:fdc:gov.uk:2022:mGHDySEVfCsvfvc6lVWf6Qt9Dv0ZxPQWKoEzcjnBlUo');

SELECT setval(pg_get_serial_sequence('form_context', 'id'), (SELECT MAX(id) FROM form_context));

INSERT INTO local_authority_user (id, created_date, last_modified_date, subject_identifier, is_manager, local_authority_id, email, name)
VALUES (1,'2024-10-15 00:00:00+00','2024-10-15 00:00:00+00','urn:fdc:gov.uk:2022:n93slCXHsxJ9rU6-AFM0jFIctYQjYf0KN9YVuJT-cao',true,2,'Team-PRSDB+laadmin@softwire.com','PRSDB LA Admin'),
       (2,'2024-10-15 00:00:00+00','2025-02-21 16:12:51.530782+00','urn:fdc:gov.uk:2022:cgVX2oJWKHMwzm8Gzx25CSoVXixVS0rw32Sar4Om8vQ',false,2,'Team-PRSDB+lauser@softwire.com','PRSDB La User'),
       (3,'2025-02-19 12:01:07.575927+00',null,'urn:fdc:gov.uk:2022:_RNZomOzEjxF4o2NzxWskS062b7hTVWLFI8TYsmoWAk',true,2,'travis.woodward@communities.gov.uk','Travis Woodward'),
       (4,'2025-02-26 17:02:19.625996+00',null,'urn:fdc:gov.uk:2022:DySqeEXIC4G2xauOirtTDcezwCPLZgQPUQZmQ-aIIMk',true,2,'travis.woodward@softwire.com','Travis Woodward (Softwire)'),
       (5,'2025-02-27 14:13:11.876928+00',null,'urn:fdc:gov.uk:2022:e4eN4Mujv2NMVut4mIPzRlwpyBL3sBE304GgGlxgd-Q',true,2,'simon.greensmith@communities.gov.uk','Simon Greensmith'),
       (6,'2025-03-06 15:32:59.529898+00',null,'urn:fdc:gov.uk:2022:A9B5GpzhlOrNoGQM65oUESHL5i3O9fp0wjizEFVcCrU',true,2,'alexander.read@softwire.com','Alexander Read'),
       (7,'2025-03-11 11:28:52.837278+00','2025-03-11 11:31:28.061279+00','urn:fdc:gov.uk:2022:RR3fauA1ZgHYuLjW9824VtLzegGG9NXfdHJrtg2hIAE',true,2,'niamh.rafferty@communities.gov.uk','Niamh Rafferty'),
       (8,'2025-03-12 17:12:19.833105+00','2025-03-12 17:13:10.020624+00','urn:fdc:gov.uk:2022:07lXHJeQwE0k5PZO7w_PQF425vT8T7e63MrvyPYNSoI',true,2,'jasmin.conterio@softwire.com','Jasmin Conterio'),
       (9,'2025-03-17 10:13:36.388805+00',null,'urn:fdc:gov.uk:2022:ListhqO1Hu6G90tyF_Rozj4F0YkLHreBnCQZ3JQSiEU',true,2,'kiran.randhawakukar@softwire.com','Kiran Fake Name'),
       (10,'2025-03-18 10:13:36.388805+00',null,'urn:fdc:gov.uk:2022:mwfvbb5GgiDh0acjz9EDDQ7zwskWZzUSnWfavL70f6s', true, 2, 'isobel.ibironke@softwire.com','Isobel Ibironke'),
       (11,'2025-04-01 10:47:41.04984+00','2025-04-01 10:48:09.549697+00','urn:fdc:gov.uk:2022:Fv4k6DizfhFmrw4d17Virjsy3A-XCm_WxR2knMUQ394',true,2,'Jonathan.Gibbs@communities.gov.uk','Jonathan Gibbs'),
       (12,'2025-04-01 10:53:06.710827+00','2025-04-01 10:53:55.690934+00','urn:fdc:gov.uk:2022:i5RkOLo_ylby2zEQPZRUigPowq3pxJOeIN4a6uJb9hg',true,2,'Samuel.Hinkinson@communities.gov.uk','Colonel Mustard'),
       (13,'2025-04-01 11:15:40.136113+00','2025-04-01 11:16:14.219671+00','urn:fdc:gov.uk:2022:DXI5RSmCmbPQQhBAPCbw1nkL-Dauufg6VOWdR9TuYlk',true,2,'norris.orighoye@communities.gov.uk','Norris Orighoye'),
       (14,'2025-04-02 12:52:16.995889+00','2025-04-02 12:52:31.405327+00','urn:fdc:gov.uk:2022:vgKfvjYRO1LnJkmBr7CkEV62g9WoDeD-sZZNt9GCiVU',true,2,'sharan.flora@communities.gov.uk','Sharan Flora'),
       (15,'2025-04-02 13:01:55.29454+00','2025-04-02 13:02:44.768007+00','urn:fdc:gov.uk:2022:pciqch9dYbtBx2rAhxvaCIEu00cQv3NFeIk5f4BesLo',true,2,'rowan.hill@softwire.com','Rowan Hill'),
       (16,'2025-04-03 13:22:09.925662+00','2025-04-03 13:22:21.753423+00','urn:fdc:gov.uk:2022:TSEDw_HXmsLDuNj2bLV5fOLuAvooeSYlupbEykMhWj8',true,2,'mayur.shah@communities.gov.uk','John Smith'),
       (17,'2025-04-03 13:38:10.243392+00','2025-04-03 13:38:48.638471+00','urn:fdc:gov.uk:2022:aDESlOYLkXmBVUJXUGd5PAGx55uR068Fe16lRN7VzyY',true,2,'nicola.halliday@communities.gov.uk','Professor Plum'),
       (18,'2025-04-09 14:23:39.070368+00','2025-04-09 14:24:40.831782+00','urn:fdc:gov.uk:2022:EeoMrsw0n0qpf_djwIRYUQ7vXLm1z1v62psIb53RiVE',true,2,'paul.denman@communities.gov.uk','Danny Welbeck'),
       (19,'2025-04-17 09:49:19.826514+00','2025-04-17 09:49:48.968326+00','urn:fdc:gov.uk:2022:L7hY9vy-Lo9uLDUUqYGK7o0ruguFKG2V17iOKIGpspY',true,2,'andrea.dunne@communities.gov.uk','Andrea Dunne'),
       (20,'2025-04-22 10:55:55.704192+00','2025-04-22 10:56:23.318524+00','urn:fdc:gov.uk:2022:Q2BSE6pweSpQF8oSBhjHAIjEuLlkRJZzJQ4TO0c7wgI',true,2,'sandra.lila@communities.gov.uk','Sandra Lila'),
       (21,'2025-04-22 10:55:55.704192+00','2025-04-22 10:56:23.318524+00','urn:fdc:gov.uk:2022:ea8XwChQkjezm4MgGJIzI_HRm7l8IPPTIMT705UQXjI',true,2,'geetika.kejriwal@communities.gov.uk','Geetika Kejriwal'),
       (22,'2025-04-22 10:55:55.704192+00','2025-04-22 10:56:23.318524+00','urn:fdc:gov.uk:2022:kob7zYIuzdrUxKTYq7160l_6Tj2ScXTPJ876jZVvAFA',true,2,'catherine.graham2@communities.gov.uk','Catherine Graham');

SELECT setval(pg_get_serial_sequence('local_authority_user', 'id'), (SELECT MAX(id) FROM local_authority_user));

INSERT INTO registration_number (id, created_date, number, type)
VALUES (1,'2024-10-15 00:00:00+00',2001001001,1),
       (2,'2024-10-15 00:00:00+00',3002001002,1),
       (3,'2025-02-19 08:23:57.267183+00',127959730689,1),
       (4,'2025-02-19 13:41:13.782443+00',116136809177,1),
       (5,'2025-02-19 13:59:18.561124+00',6136283775,1),
       (6,'2025-02-20 11:50:45.723696+00',105757165800,1),
       (7,'2025-02-24 09:29:52.993571+00',116726635893,1),
       (8,'2025-02-24 10:01:14.5196+00',61597584540,1),
       (9,'2025-02-27 13:54:35.212499+00',52836094838,1),
       (10,'2025-02-27 13:55:19.931954+00',49873217784,1),
       (11,'2025-02-27 13:56:15.743199+00',80551586002,1),
       (12,'2025-02-27 13:58:02.810321+00',72697323406,1),
       (13,'2025-02-27 13:58:02.810321+00',54697323416,0),
       (14,'2025-04-01 10:42:02.484395+00',34742750336,1),
       (15,'2025-04-01 11:08:11.221142+00',138260615999,1),
       (16,'2025-04-02 12:49:10.383124+00',8590019234,1),
       (17,'2025-04-02 12:51:57.960029+00',157739634401,1),
       (18,'2025-04-03 13:19:34.895749+00',134224000506,1),
       (19,'2025-04-03 13:32:17.570957+00',49069884578,1),
       (20,'2025-04-07 14:24:48.883888+00',62926068489,1),
       (21,'2025-04-09 14:17:59.251592+00',2077722218,1),
       (22,'2025-04-10 11:50:09.667043+00',85435018848,1),
       (23,'2025-04-11 13:24:52.72555+00',9022534873,1),
       (24, '2025-01-15 00:00:00+00', 83811499802, 0),
       (25, '2025-01-15 00:00:00+00', 40666195053, 0),
       (26, '2025-01-15 00:00:00+00', 150242309330, 0);

SELECT setval(pg_get_serial_sequence('registration_number', 'id'), (SELECT MAX(id) FROM registration_number));

INSERT INTO address (id, created_date, last_modified_date, uprn, single_line_address, local_authority_id)
VALUES (1, '10/15/24', '10/15/24', 2, '1 Fictional Road', 2),
       (2, '2025-01-15 00:00:00+00', null, 100090154792, '5, PROVIDENCE WAY, WATERBEACH, CAMBRIDGE, CB25 9QH', 21),
       (3, '2025-01-15 00:00:00+00', null, 100090154788, '1, PROVIDENCE WAY, WATERBEACH, CAMBRIDGE, CB25 9QH', 21),
       (4, '2025-01-15 00:00:00+00', null, null, '2, PROVIDENCE WAY, WATERBEACH, CAMBRIDGE, CB25 9QH', 21);

SELECT setval(pg_get_serial_sequence('address', 'id'), (SELECT MAX(id) FROM address));

INSERT INTO landlord (id, registration_number_id, address_id, created_date, email, non_england_or_wales_address, is_active, last_modified_date, name, phone_number, subject_identifier, date_of_birth, country_of_residence, is_verified)
VALUES(1,1,1,'2024-10-15 00:00:00+00','Team-PRSDB+landlord@softwire.com',null,true,'2025-02-25 16:17:18.075473+00','PRSD Landlord','+447123456789','urn:fdc:gov.uk:2022:mGHDySEVfCsvfvc6lVWf6Qt9Dv0ZxPQWKoEzcjnBlUo','1950-05-13','England or Wales',false),
      (2,2,1,'2025-02-19 08:23:57.279777+00','travis.woodward@communities.gov.uk',null,true,null,'LISA S C LOOSELEY','07777777777','urn:fdc:gov.uk:2022:_RNZomOzEjxF4o2NzxWskS062b7hTVWLFI8TYsmoWAk','1973-03-14','England or Wales',true),
      (3,3,1,'2025-02-19 13:41:13.861504+00','alexander.read@softwire.com',null,true,'2025-03-11 13:38:00.36893+00','KENNETH DECERQUEIRA','07777777777','urn:fdc:gov.uk:2022:A9B5GpzhlOrNoGQM65oUESHL5i3O9fp0wjizEFVcCrU','1965-07-08','England or Wales',false),
      (4,4,1,'2025-02-20 11:50:45.745273+00','kiran.randhawakukar@softwire.com',null,true,'2025-03-06 14:01:33.486684+00','Not Kiran','01234567890','urn:fdc:gov.uk:2022:ListhqO1Hu6G90tyF_Rozj4F0YkLHreBnCQZ3JQSiEU','1965-07-08','England or Wales',false),
      (5,5,1,'2025-02-24 09:29:53.079945+00','jasmin.conterio@softwire.com',null,true,'2025-02-27 17:19:52.061638+00','Jasmin Conterio','01223 123 456','urn:fdc:gov.uk:2022:07lXHJeQwE0k5PZO7w_PQF425vT8T7e63MrvyPYNSoI','1989-02-02','England or Wales',false),
      (6,6,1,'2025-02-27 13:55:19.93409+00','simon.greensmith@communities.gov.uk',null,true,'2025-02-27 14:35:38.905229+00','bob','+447123456789','urn:fdc:gov.uk:2022:e4eN4Mujv2NMVut4mIPzRlwpyBL3sBE304GgGlxgd-Q','1973-03-14','England or Wales',true),
      (7,7,1,'2025-02-27 13:56:15.745135+00','geetika.kejriwal@communities.gov.uk',null,true,'2025-02-27 14:34:33.323661+00','LISA S C LOOSELEY','+447123456789','urn:fdc:gov.uk:2022:ea8XwChQkjezm4MgGJIzI_HRm7l8IPPTIMT705UQXjI','1973-03-14','England or Wales',true),
      (8,8,1,'2025-02-27 13:58:02.81462+00','isobel.ibironke@softwire.com',null,true,null,'Isobel Ibironke','07123456789','urn:fdc:gov.uk:2022:mwfvbb5GgiDh0acjz9EDDQ7zwskWZzUSnWfavL70f6s','1995-08-4','England or Wales',false),
      (9,9,1,'2025-02-27 13:58:02.81462+00','catherine.graham2@communities.gov.uk',null,true,null,'LISA S C LOOSELEY','+447123456789','urn:fdc:gov.uk:2022:kob7zYIuzdrUxKTYq7160l_6Tj2ScXTPJ876jZVvAFA','1973-03-14','England or Wales',true),
      (10,10,1,'2025-03-06 08:22:41.002251+00','Team-PRSDB+Unverified@softwire.com',null,true,'2025-03-11 13:47:42.800533+00','Unverified Landlord','07777777777','urn:fdc:gov.uk:2022:sgO5-g7fThIp2MhXMcvFo5N6ObnstGFVNSYFkghMd24','1996-03-03','England or Wales',false),
      (11,11,1,'2025-03-06 10:33:22.395944+00','team-prsdb+verified@softwire.com',null,true,null,'KENNETH DECERQUEIRA','07777777777','urn:fdc:gov.uk:2022:La9gwI6zvuzT3yvKjsKEH2cDbtL88wNbiqAeXQ0plEM','1965-07-08','England or Wales',true),
      (12,12,1,'2025-04-01 10:42:02.526621+00','Jonathan.Gibbs@communities.gov.uk',null,true,null,'KENNETH DECERQUEIRA','07777777777','urn:fdc:gov.uk:2022:Fv4k6DizfhFmrw4d17Virjsy3A-XCm_WxR2knMUQ394','1965-07-08','England or Wales',true),
      (13,14,1,'2025-04-01 11:08:11.224604+00','norris.orighoye@communities.gov.uk',null,true,null,'Norris Orighoye','07777777777','urn:fdc:gov.uk:2022:DXI5RSmCmbPQQhBAPCbw1nkL-Dauufg6VOWdR9TuYlk','1984-11-11','England or Wales',false),
      (14,15,1,'2025-04-02 12:49:10.39148+00','sharan.flora@communities.gov.uk',null,true,null,'JULIE SYED HABIB EYLES-SPENCER','07777777777','urn:fdc:gov.uk:2022:vgKfvjYRO1LnJkmBr7CkEV62g9WoDeD-sZZNt9GCiVU','1967-03-01','England or Wales',true),
      (15,16,1,'2025-04-02 12:51:57.966276+00','rowan.hill@softwire.com',null,true,null,'Rowan Hill','07777777777','urn:fdc:gov.uk:2022:pciqch9dYbtBx2rAhxvaCIEu00cQv3NFeIk5f4BesLo','1908-03-27','England or Wales',false),
      (16,17,1,'2025-04-03 13:19:34.898363+00','mayur.shah@communities.gov.uk',null,true,null,'LISA S C LOOSELEY','07777777777','urn:fdc:gov.uk:2022:TSEDw_HXmsLDuNj2bLV5fOLuAvooeSYlupbEykMhWj8','1973-03-14','England or Wales',true),
      (17,18,1,'2025-04-03 13:32:17.572771+00','Nicola.Halliday@communities.gov.uk',null,true,null,'LISA S C LOOSELEY','07777777777','urn:fdc:gov.uk:2022:aDESlOYLkXmBVUJXUGd5PAGx55uR068Fe16lRN7VzyY','1973-03-14','England or Wales',true),
      (18,19,1,'2025-04-09 14:17:59.27236+00','paul.denman@communities.gov.uk',null,true,null,'KENNETH DECERQUEIRA','07777777777','urn:fdc:gov.uk:2022:EeoMrsw0n0qpf_djwIRYUQ7vXLm1z1v62psIb53RiVE','1965-07-08','England or Wales',true),
      (19,20,1,'2025-04-10 11:50:09.671945+00','niamh.rafferty@communities.gov.uk',null,true,null,'LISA S C LOOSELEY','07777777777','urn:fdc:gov.uk:2022:RR3fauA1ZgHYuLjW9824VtLzegGG9NXfdHJrtg2hIAE','1973-03-14','England or Wales',true),
      (20,21,1,'2025-04-11 13:24:52.729483+00','Samuel.Hinkinson@communities.gov.uk',null,true,null,'Samuel Hinkinson','07777777777','urn:fdc:gov.uk:2022:i5RkOLo_ylby2zEQPZRUigPowq3pxJOeIN4a6uJb9hg','1965-07-08','England or Wales',false),
      (21,22,1,'2025-04-17 09:44:26.018921+00','Andrea.Dunne@communities.gov.uk',null,true,null,'LISA S C LOOSELEY','07777777777','urn:fdc:gov.uk:2022:L7hY9vy-Lo9uLDUUqYGK7o0ruguFKG2V17iOKIGpspY','1973-03-14','England or Wales',true),
      (22,23,1,'2025-04-22 10:52:32.910331+00','sandra.lila@communities.gov.uk',null,true,null,'LISA S C LOOSELEY','07777777777','urn:fdc:gov.uk:2022:Q2BSE6pweSpQF8oSBhjHAIjEuLlkRJZzJQ4TO0c7wgI','1973-03-14','England or Wales',true);

SELECT setval(pg_get_serial_sequence('landlord', 'id'), (SELECT MAX(id) FROM landlord));

INSERT INTO property (id, status, is_active, property_build_type, address_id, created_date, last_modified_date)
VALUES (1, 1, true, 1, 1, '2024-10-15 00:00:00+00', null),
       (2, 1, true, 1, 2, '2025-01-15 00:00:00+00', null),
       (3, 1, true, 1, 3, '2025-01-15 00:00:00+00', null),
       (4, 1, true, 1, 4, '2025-01-15 00:00:00+00', null);

SELECT setval(pg_get_serial_sequence('property', 'id'), (SELECT MAX(id) FROM property));

INSERT INTO property_ownership (id, is_active, occupancy_type, ownership_type, current_num_households, current_num_tenants, registration_number_id, primary_landlord_id, property_id, created_date, last_modified_date, incomplete_compliance_form_id)
VALUES (1, true, 0, 1, 1, 2, 13, 1, 1, '2024-10-15 00:00:00+00', null, 2),
       (2, true, 0, 0, 0, 0, 24, 1, 2,'2025-01-15 00:00:00+00', null, 3),
       (3, true, 0, 0, 0, 0, 25, 1, 3,'2025-01-15 00:00:00+00', null, 4),
       (4, true, 0, 0, 0, 0, 26, 1, 4,'2025-01-15 00:00:00+00', null, 5);

SELECT setval(pg_get_serial_sequence('property_ownership', 'id'), (SELECT MAX(id) FROM property_ownership));

INSERT INTO system_operator (id, created_date, last_modified_date, subject_identifier)
VALUES (1,'2025-02-19 12:01:07.575927+00',null,'urn:fdc:gov.uk:2022:_RNZomOzEjxF4o2NzxWskS062b7hTVWLFI8TYsmoWAk'),
       (2,'2025-02-26 17:02:19.625996+00',null,'urn:fdc:gov.uk:2022:DySqeEXIC4G2xauOirtTDcezwCPLZgQPUQZmQ-aIIMk'),
       (3,'2025-02-27 14:13:11.876928+00',null,'urn:fdc:gov.uk:2022:e4eN4Mujv2NMVut4mIPzRlwpyBL3sBE304GgGlxgd-Q'),
       (4,'2025-03-06 15:32:59.529898+00',null,'urn:fdc:gov.uk:2022:A9B5GpzhlOrNoGQM65oUESHL5i3O9fp0wjizEFVcCrU'),
       (5,'2025-03-11 11:28:52.837278+00',null,'urn:fdc:gov.uk:2022:RR3fauA1ZgHYuLjW9824VtLzegGG9NXfdHJrtg2hIAE'),
       (6,'2025-03-12 17:12:19.833105+00',null,'urn:fdc:gov.uk:2022:07lXHJeQwE0k5PZO7w_PQF425vT8T7e63MrvyPYNSoI'),
       (7,'2025-03-17 10:13:36.388805+00',null,'urn:fdc:gov.uk:2022:ListhqO1Hu6G90tyF_Rozj4F0YkLHreBnCQZ3JQSiEU'),
       (8,'2025-03-18 10:13:36.388805+00',null,'urn:fdc:gov.uk:2022:mwfvbb5GgiDh0acjz9EDDQ7zwskWZzUSnWfavL70f6s'),
       (9,'2025-04-01 10:47:41.04984+00',null,'urn:fdc:gov.uk:2022:Fv4k6DizfhFmrw4d17Virjsy3A-XCm_WxR2knMUQ394'),
       (10,'2025-04-01 10:53:06.710827+00',null,'urn:fdc:gov.uk:2022:i5RkOLo_ylby2zEQPZRUigPowq3pxJOeIN4a6uJb9hg'),
       (11,'2025-04-01 11:15:40.136113+00',null,'urn:fdc:gov.uk:2022:DXI5RSmCmbPQQhBAPCbw1nkL-Dauufg6VOWdR9TuYlk'),
       (12,'2025-04-02 12:52:16.995889+00',null,'urn:fdc:gov.uk:2022:vgKfvjYRO1LnJkmBr7CkEV62g9WoDeD-sZZNt9GCiVU'),
       (13,'2025-04-02 13:01:55.29454+00',null,'urn:fdc:gov.uk:2022:pciqch9dYbtBx2rAhxvaCIEu00cQv3NFeIk5f4BesLo'),
       (14,'2025-04-03 13:22:09.925662+00',null,'urn:fdc:gov.uk:2022:TSEDw_HXmsLDuNj2bLV5fOLuAvooeSYlupbEykMhWj8'),
       (15,'2025-04-03 13:38:10.243392+00',null,'urn:fdc:gov.uk:2022:aDESlOYLkXmBVUJXUGd5PAGx55uR068Fe16lRN7VzyY'),
       (16,'2025-04-09 14:23:39.070368+00',null,'urn:fdc:gov.uk:2022:EeoMrsw0n0qpf_djwIRYUQ7vXLm1z1v62psIb53RiVE'),
       (17,'2025-04-17 09:49:19.826514+00',null,'urn:fdc:gov.uk:2022:L7hY9vy-Lo9uLDUUqYGK7o0ruguFKG2V17iOKIGpspY'),
       (18,'2025-04-22 10:55:55.704192+00',null,'urn:fdc:gov.uk:2022:Q2BSE6pweSpQF8oSBhjHAIjEuLlkRJZzJQ4TO0c7wgI'),
       (19,'2025-05-01 12:01:07.575927+00',null,'urn:fdc:gov.uk:2022:GzFopg--2AyE6XtssVWwQTPELVQFupHJOjpONWS2uz0');

SELECT setval(pg_get_serial_sequence('system_operator', 'id'), (SELECT MAX(id) FROM system_operator));
