INSERT INTO prsdb_user (id, created_date)
VALUES ('urn:fdc:gov.uk:2022:n93slCXHsxJ9rU6-AFM0jFIctYQjYf0KN9YVuJT-cao','2024-10-15 00:00:00+00'),
       ('urn:fdc:gov.uk:2022:cgVX2oJWKHMwzm8Gzx25CSoVXixVS0rw32Sar4Om8vQ','2024-10-15 00:00:00+00'),
       ('urn:fdc:gov.uk:2022:_RNZomOzEjxF4o2NzxWskS062b7hTVWLFI8TYsmoWAk', '2025-02-19 12:01:07.575927+00'),
       ('urn:fdc:gov.uk:2022:DySqeEXIC4G2xauOirtTDcezwCPLZgQPUQZmQ-aIIMk', '2025-02-26 17:02:19.625996+00'),
       ('urn:fdc:gov.uk:2022:A9B5GpzhlOrNoGQM65oUESHL5i3O9fp0wjizEFVcCrU','2025-03-06 15:32:59.529898+00'),
       ('urn:fdc:gov.uk:2022:07lXHJeQwE0k5PZO7w_PQF425vT8T7e63MrvyPYNSoI','2025-03-12 17:12:19.833105+00'),
       ('urn:fdc:gov.uk:2022:ListhqO1Hu6G90tyF_Rozj4F0YkLHreBnCQZ3JQSiEU','2025-03-17 10:13:36.388805+00'),
       ('urn:fdc:gov.uk:2022:mwfvbb5GgiDh0acjz9EDDQ7zwskWZzUSnWfavL70f6s','2025-03-18 10:13:36.388805+00'),
       ('urn:fdc:gov.uk:2022:mGHDySEVfCsvfvc6lVWf6Qt9Dv0ZxPQWKoEzcjnBlUo','2024-10-15 00:00:00+00'),
       ('urn:fdc:gov.uk:2022:sgO5-g7fThIp2MhXMcvFo5N6ObnstGFVNSYFkghMd24','2025-03-06 08:22:41.002251+00'),
       ('urn:fdc:gov.uk:2022:La9gwI6zvuzT3yvKjsKEH2cDbtL88wNbiqAeXQ0plEM','2025-03-06 10:33:22.395944+00'),
       ('urn:fdc:gov.uk:2022:GzFopg--2AyE6XtssVWwQTPELVQFupHJOjpONWS2uz0', '2025-05-01 10:33:22.395944+00') ON CONFLICT DO NOTHING;


-- TODO PDJB-607: Replace One Login subject identifiers with Internal Access equivalents
INSERT INTO local_council_user (id, created_date, last_modified_date, subject_identifier, is_manager, local_council_id, email, name, has_accepted_privacy_notice)
VALUES (1,'2024-10-15 00:00:00+00','2024-10-15 00:00:00+00','urn:fdc:gov.uk:2022:n93slCXHsxJ9rU6-AFM0jFIctYQjYf0KN9YVuJT-cao',true,2,'Team-PRSDB+laadmin@softwire.com','PRSDB LA Admin', true),
       (2,'2024-10-15 00:00:00+00','2025-02-21 16:12:51.530782+00','urn:fdc:gov.uk:2022:cgVX2oJWKHMwzm8Gzx25CSoVXixVS0rw32Sar4Om8vQ',false,2,'Team-PRSDB+lauser@softwire.com','PRSDB La User', true),
       (3,'2025-02-19 12:01:07.575927+00',null,'urn:fdc:gov.uk:2022:_RNZomOzEjxF4o2NzxWskS062b7hTVWLFI8TYsmoWAk',true,2,'travis.woodward@communities.gov.uk','Travis Woodward', true),
       (4,'2025-02-26 17:02:19.625996+00',null,'urn:fdc:gov.uk:2022:DySqeEXIC4G2xauOirtTDcezwCPLZgQPUQZmQ-aIIMk',true,2,'travis.woodward@softwire.com','Travis Woodward (Softwire)', true),
       (5,'2025-03-06 15:32:59.529898+00',null,'urn:fdc:gov.uk:2022:A9B5GpzhlOrNoGQM65oUESHL5i3O9fp0wjizEFVcCrU',true,2,'alexander.read@softwire.com','Alexander Read', true),
       (6,'2025-03-12 17:12:19.833105+00','2025-03-12 17:13:10.020624+00','urn:fdc:gov.uk:2022:07lXHJeQwE0k5PZO7w_PQF425vT8T7e63MrvyPYNSoI',true,2,'jasmin.conterio@softwire.com','Jasmin Conterio', true),
       (7,'2025-03-17 10:13:36.388805+00',null,'urn:fdc:gov.uk:2022:ListhqO1Hu6G90tyF_Rozj4F0YkLHreBnCQZ3JQSiEU',true,2,'kiran.randhawakukar@softwire.com','Kiran Fake Name', true),
       (8,'2025-03-18 10:13:36.388805+00',null,'urn:fdc:gov.uk:2022:mwfvbb5GgiDh0acjz9EDDQ7zwskWZzUSnWfavL70f6s', true, 2, 'isobel.ibironke@softwire.com','Isobel Ibironke', true) ON CONFLICT DO NOTHING;

SELECT setval(pg_get_serial_sequence('local_council_user', 'id'), (SELECT MAX(id) FROM local_council_user));

INSERT INTO local_council_invitation (invited_email, inviting_council_id, token, created_date)
VALUES ('expired.invitation+1@example.com', 2, '1234abcd-5678-abcd-1234-567abcd11111',  '05/05/2025'),
       ('expired.invitation+2@example.com', 2, '1234abcd-5678-abcd-1234-567abcd11112',  '05/05/2025'),
       ('expired.invitation+3@example.com', 2, '1234abcd-5678-abcd-1234-567abcd11113', '05/05/2025'),
       ('expired.invitation+4@example.com', 2, '1234abcd-5678-abcd-1234-567abcd11114',  '05/05/2025'),
       ('expired.invitation+5@example.com', 2, '1234abcd-5678-abcd-1234-567abcd11115',  '05/05/2025'),
       ('expired.invitation+6@example.com', 2, '1234abcd-5678-abcd-1234-567abcd11116',  '05/05/2025'),
       ('expired.invitation+7@example.com', 2, '1234abcd-5678-abcd-1234-567abcd11117',  '05/05/2025'),
       ('expired.invitation+8@example.com', 2, '1234abcd-5678-abcd-1234-567abcd11118',  '05/05/2025'),
       ('expired.invitation+9@example.com', 2, '1234abcd-5678-abcd-1234-567abcd11119',  '05/05/2025'),
       ('expired.invitation+a@example.com', 2, '1234abcd-5678-abcd-1234-567abcd1111a',  '05/05/2025') ON CONFLICT DO NOTHING;

SELECT setval(pg_get_serial_sequence('local_council_invitation', 'id'), (SELECT MAX(id) FROM local_council_invitation));

INSERT INTO registration_number (id, created_date, number, type)
VALUES (1,'2024-10-15 00:00:00+00',2001001001,1),
       (2,'2024-10-15 00:00:00+00',3002001002,1),
       (3,'2025-02-19 08:23:57.267183+00',127959730689,1),
       (4,'2025-02-19 13:41:13.782443+00',116136809177,1),
       (5,'2025-02-19 13:59:18.561124+00',6136283775,1),
       (6,'2025-02-20 11:50:45.723696+00',105757165800,1),
       (7,'2025-02-24 09:29:52.993571+00',116726635893,1),
       (8,'2025-02-24 10:01:14.5196+00',61597584540,1),
       (9,'2025-02-24 10:01:14.5196+00',54697323416,0),
       (10, '2025-01-15 00:00:00+00', 83811499802, 0),
       (11, '2025-01-15 00:00:00+00', 40666195053, 0),
       (12, '2025-01-15 00:00:00+00', 150242309330, 0),
       (13, '2025-01-15 00:00:00+00', 150242309331, 0),
       (14, '2025-01-15 00:00:00+00', 150242309332, 0),
       (15, '2025-01-15 00:00:00+00', 150242309333, 0),
       (16, '2025-01-15 00:00:00+00', 150242309334, 0),
       (17, '2025-07-24 00:00:00+00', 150242309335, 0),
       (18, '2026-02-27 00:00:00+00', 150242309336, 0),
       (19, '2026-03-02 00:00:00+00', 210000000019, 0),
       (20, '2026-03-02 00:00:00+00', 210000000020, 0),
       (21, '2026-03-02 00:00:00+00', 210000000021, 0),
       (22, '2026-03-02 00:00:00+00', 210000000022, 0),
       (23, '2026-03-02 00:00:00+00', 210000000023, 0),
       (24, '2026-03-02 00:00:00+00', 210000000024, 0),
       (25, '2026-03-02 00:00:00+00', 210000000025, 0),
       (26, '2026-03-02 00:00:00+00', 210000000026, 0),
       (27, '2026-03-02 00:00:00+00', 210000000027, 0),
       (28, '2026-03-02 00:00:00+00', 210000000028, 0),
       (29, '2026-03-02 00:00:00+00', 210000000029, 0),
       (30, '2026-03-02 00:00:00+00', 210000000030, 0),
       (31, '2026-03-02 00:00:00+00', 210000000031, 0),
       (32, '2026-03-02 00:00:00+00', 210000000032, 0),
       (33, '2026-03-02 00:00:00+00', 210000000033, 0),
       (34, '2026-03-02 00:00:00+00', 210000000034, 0),
       (35, '2026-03-02 00:00:00+00', 210000000035, 0),
       (36, '2026-03-02 00:00:00+00', 210000000036, 0),
       (37, '2026-03-02 00:00:00+00', 210000000037, 0),
       (38, '2026-03-02 00:00:00+00', 210000000038, 0),
       (39, '2026-03-02 00:00:00+00', 210000000039, 0),
       (40, '2026-03-02 00:00:00+00', 210000000040, 0),
       (41, '2026-03-02 00:00:00+00', 210000000041, 0),
       (42, '2026-03-02 00:00:00+00', 210000000042, 0),
       (43, '2026-03-02 00:00:00+00', 210000000043, 0),
       (44, '2026-03-02 00:00:00+00', 210000000044, 0),
       (45, '2026-03-02 00:00:00+00', 210000000045, 0),
       (46, '2026-03-02 00:00:00+00', 210000000046, 0),
       (47, '2026-03-02 00:00:00+00', 210000000047, 0) ON CONFLICT DO NOTHING;

SELECT setval(pg_get_serial_sequence('registration_number', 'id'), (SELECT MAX(id) FROM registration_number));

INSERT INTO landlord (id, registration_number_id, address_id, created_date, email, non_england_or_wales_address, is_active, last_modified_date, name, phone_number, subject_identifier, date_of_birth, country_of_residence, is_verified, has_accepted_privacy_notice)
VALUES(1,1,1,'2024-10-15 00:00:00+00','Team-PRSDB+landlord@softwire.com',null,true,'2025-02-25 16:17:18.075473+00','PRSD Landlord','+447123456789','urn:fdc:gov.uk:2022:mGHDySEVfCsvfvc6lVWf6Qt9Dv0ZxPQWKoEzcjnBlUo','1950-05-13','England or Wales',false, true),
      (2,2,1,'2025-02-19 08:23:57.279777+00','travis.woodward@communities.gov.uk',null,true,null,'LISA S C LOOSELEY','07777777777','urn:fdc:gov.uk:2022:_RNZomOzEjxF4o2NzxWskS062b7hTVWLFI8TYsmoWAk','1973-03-14','England or Wales',false, true),
      (3,3,1,'2025-02-19 13:41:13.861504+00','alexander.read@softwire.com',null,true,'2025-03-11 13:38:00.36893+00','KENNETH DECERQUEIRA','07777777777','urn:fdc:gov.uk:2022:A9B5GpzhlOrNoGQM65oUESHL5i3O9fp0wjizEFVcCrU','1965-07-08','England or Wales',false, true),
      (4,4,1,'2025-02-20 11:50:45.745273+00','kiran.randhawakukar@softwire.com',null,true,'2025-03-06 14:01:33.486684+00','Not Kiran','01234567890','urn:fdc:gov.uk:2022:ListhqO1Hu6G90tyF_Rozj4F0YkLHreBnCQZ3JQSiEU','1965-07-08','England or Wales',false, true),
      (5,5,1,'2025-02-24 09:29:53.079945+00','jasmin.conterio@softwire.com',null,true,'2025-02-27 17:19:52.061638+00','Jasmin Conterio','01223 123 456','urn:fdc:gov.uk:2022:07lXHJeQwE0k5PZO7w_PQF425vT8T7e63MrvyPYNSoI','1989-02-02','England or Wales',false, true),
      (6,6,1,'2025-03-06 08:22:41.002251+00','Team-PRSDB+Unverified@softwire.com',null,true,'2025-03-11 13:47:42.800533+00','Unverified Landlord','07777777777','urn:fdc:gov.uk:2022:sgO5-g7fThIp2MhXMcvFo5N6ObnstGFVNSYFkghMd24','1996-03-03','England or Wales',false, true),
      (7,7,1,'2025-03-06 10:33:22.395944+00','team-prsdb+verified@softwire.com',null,true,null,'KENNETH DECERQUEIRA','07777777777','urn:fdc:gov.uk:2022:La9gwI6zvuzT3yvKjsKEH2cDbtL88wNbiqAeXQ0plEM','1965-07-08','England or Wales',true, true),
      (8,8,1,'2025-02-27 13:58:02.81462+00','isobel.ibironke@softwire.com',null,true,null,'Isobel Ibironke','07123456789','urn:fdc:gov.uk:2022:mwfvbb5GgiDh0acjz9EDDQ7zwskWZzUSnWfavL70f6s','1995-08-4','England or Wales',false, true) ON CONFLICT DO NOTHING;

SELECT setval(pg_get_serial_sequence('landlord', 'id'), (SELECT MAX(id) FROM landlord));

INSERT INTO property_ownership (id, is_active, ownership_type, current_num_households, current_num_tenants, registration_number_id, primary_landlord_id, address_id, created_date, last_modified_date, property_build_type,
                                num_bedrooms, bills_included_list, custom_bills_included, furnished_status, rent_frequency, custom_rent_frequency, rent_amount, custom_property_type)
VALUES (1, true, 1, 1, 2, 9, 1, 1, '2024-10-15 00:00:00+00', null, 1,
        1, null, null, 2, 1, null, 123.12, null),
       (2, true, 0, 0, 0, 10, 1, 2,'2025-01-15 00:00:00+00', null, 1,
        null, null, null, null, null, null, null, null),
       (3, true, 0, 0, 0, 11, 1, 3,'2025-01-15 00:00:00+00', null, 1,
        null, null, null, null, null, null, null, null),
       (4, true, 0, 0, 0, 12, 1, 4,'2025-01-15 00:00:00+00', null, 1,
        null, null, null, null, null, null, null, null),
       (5, true, 1, 1, 2, 13, 1, 5, '2024-10-15 00:00:00+00', null, 1,
        1, null, null, 2, 1, null, 123.12, null),
       (6, true, 1, 1, 2, 14, 1, 6, '2024-10-15 00:00:00+00', null, 1,
        1, null, null, 2, 1, null, 123.12, null),
       (7, true, 1, 1, 2, 15, 1, 7, '2024-10-15 00:00:00+00', null, 1,
        1, null, null, 2, 1, null, 123.12, null),
       (8, true, 1, 1, 2, 16, 1, 8, '2024-10-15 00:00:00+00', null, 1,
        1, null, null, 2, 1, null, 123.12, null),
       (9, true, 1, 1, 2, 17, 1, 9, '2025-07-24 00:00:00+00', null, 1,
        1, null, null, 2, 1, null, 123.12, null),
       (10, true, 1, 1, 2, 18, 1, 10, '2026-02-27 00:00:00+00', null, 4,
        1, null, null, 2, 1, null, 123.12, 'End terrace'),
       (11, true, 1, 1, 2, 19, 1, 7449159, '2026-03-02 00:00:00+00', null, 1,
        1, null, null, 2, 1, null, 123.12, null),
       (12, true, 1, 1, 2, 20, 1, 7449160, '2026-03-02 00:00:00+00', null, 1,
        1, null, null, 2, 1, null, 123.12, null),
       (13, true, 1, 1, 2, 21, 1, 7449165, '2026-03-02 00:00:00+00', null, 1,
        1, null, null, 2, 1, null, 123.12, null),
       (14, true, 1, 1, 2, 22, 1, 7449169, '2026-03-02 00:00:00+00', null, 1,
        1, null, null, 2, 1, null, 123.12, null),
       (15, true, 1, 1, 2, 23, 1, 7449173, '2026-03-02 00:00:00+00', null, 1,
        1, null, null, 2, 1, null, 123.12, null),
       (16, true, 1, 1, 2, 24, 1, 7449174, '2026-03-02 00:00:00+00', null, 1,
        1, null, null, 2, 1, null, 123.12, null),
       (17, true, 1, 1, 2, 25, 1, 7449179, '2026-03-02 00:00:00+00', null, 1,
        1, null, null, 2, 1, null, 123.12, null),
       (18, true, 1, 1, 2, 26, 1, 7449180, '2026-03-02 00:00:00+00', null, 1,
        1, null, null, 2, 1, null, 123.12, null),
       (19, true, 1, 1, 2, 27, 1, 7449185, '2026-03-02 00:00:00+00', null, 1,
        1, null, null, 2, 1, null, 123.12, null),
       (20, true, 1, 1, 2, 28, 1, 7449193, '2026-03-02 00:00:00+00', null, 1,
        1, null, null, 2, 1, null, 123.12, null),
       (21, true, 1, 1, 2, 29, 1, 7449194, '2026-03-02 00:00:00+00', null, 1,
        1, null, null, 2, 1, null, 123.12, null),
       (22, true, 1, 1, 2, 30, 1, 7449198, '2026-03-02 00:00:00+00', null, 1,
        1, null, null, 2, 1, null, 123.12, null),
       (23, true, 1, 1, 2, 31, 1, 7449199, '2026-03-02 00:00:00+00', null, 1,
        1, null, null, 2, 1, null, 123.12, null),
       (24, true, 1, 1, 2, 32, 1, 7449203, '2026-03-02 00:00:00+00', null, 1,
        1, null, null, 2, 1, null, 123.12, null),
       (25, true, 1, 1, 2, 33, 1, 7449206, '2026-03-02 00:00:00+00', null, 1,
        1, null, null, 2, 1, null, 123.12, null),
       (26, true, 1, 1, 2, 34, 1, 7449208, '2026-03-02 00:00:00+00', null, 1,
        1, null, null, 2, 1, null, 123.12, null),
       (27, true, 1, 1, 2, 35, 1, 7449213, '2026-03-02 00:00:00+00', null, 1,
        1, null, null, 2, 1, null, 123.12, null),
       (28, true, 1, 1, 2, 36, 1, 7449214, '2026-03-02 00:00:00+00', null, 1,
        1, null, null, 2, 1, null, 123.12, null),
       (29, true, 1, 1, 2, 37, 1, 7449217, '2026-03-02 00:00:00+00', null, 1,
        1, null, null, 2, 1, null, 123.12, null),
       (30, true, 1, 1, 2, 38, 1, 7449222, '2026-03-02 00:00:00+00', null, 1,
        1, null, null, 2, 1, null, 123.12, null),
       (31, true, 1, 1, 2, 39, 1, 7449226, '2026-03-02 00:00:00+00', null, 1,
        1, null, null, 2, 1, null, 123.12, null),
       (32, true, 1, 1, 2, 40, 1, 7449227, '2026-03-02 00:00:00+00', null, 1,
        1, null, null, 2, 1, null, 123.12, null),
       (33, true, 1, 1, 2, 41, 1, 7449231, '2026-03-02 00:00:00+00', null, 1,
        1, null, null, 2, 1, null, 123.12, null),
       (34, true, 1, 1, 2, 42, 1, 7449235, '2026-03-02 00:00:00+00', null, 1,
        1, null, null, 2, 1, null, 123.12, null),
       (35, true, 1, 1, 2, 43, 1, 7449239, '2026-03-02 00:00:00+00', null, 1,
        1, null, null, 2, 1, null, 123.12, null),
       (36, true, 1, 1, 2, 44, 1, 7449250, '2026-03-02 00:00:00+00', null, 1,
        1, null, null, 2, 1, null, 123.12, null),
       (37, true, 1, 1, 2, 45, 1, 7449252, '2026-03-02 00:00:00+00', null, 1,
        1, null, null, 2, 1, null, 123.12, null),
       (38, true, 1, 1, 2, 46, 1, 7449253, '2026-03-02 00:00:00+00', null, 1,
        1, null, null, 2, 1, null, 123.12, null),
       (39, true, 1, 1, 2, 47, 1, 7449254, '2026-03-02 00:00:00+00', null, 1,
        1, null, null, 2, 1, null, 123.12, null) ON CONFLICT DO NOTHING;

SELECT setval(pg_get_serial_sequence('property_ownership', 'id'), (SELECT MAX(id) FROM property_ownership));

INSERT INTO system_operator (id, created_date, last_modified_date, subject_identifier)
VALUES (1,'2025-02-19 12:01:07.575927+00',null,'urn:fdc:gov.uk:2022:_RNZomOzEjxF4o2NzxWskS062b7hTVWLFI8TYsmoWAk'),
       (2,'2025-02-26 17:02:19.625996+00',null,'urn:fdc:gov.uk:2022:DySqeEXIC4G2xauOirtTDcezwCPLZgQPUQZmQ-aIIMk'),
       (3,'2025-03-06 15:32:59.529898+00',null,'urn:fdc:gov.uk:2022:A9B5GpzhlOrNoGQM65oUESHL5i3O9fp0wjizEFVcCrU'),
       (4,'2025-03-12 17:12:19.833105+00',null,'urn:fdc:gov.uk:2022:07lXHJeQwE0k5PZO7w_PQF425vT8T7e63MrvyPYNSoI'),
       (5,'2025-03-17 10:13:36.388805+00',null,'urn:fdc:gov.uk:2022:ListhqO1Hu6G90tyF_Rozj4F0YkLHreBnCQZ3JQSiEU'),
       (6,'2025-03-18 10:13:36.388805+00',null,'urn:fdc:gov.uk:2022:mwfvbb5GgiDh0acjz9EDDQ7zwskWZzUSnWfavL70f6s'),
       (7,'2025-05-01 12:01:07.575927+00',null,'urn:fdc:gov.uk:2022:GzFopg--2AyE6XtssVWwQTPELVQFupHJOjpONWS2uz0') ON CONFLICT DO NOTHING;

SELECT setval(pg_get_serial_sequence('system_operator', 'id'), (SELECT MAX(id) FROM system_operator));

INSERT INTO property_compliance (id, property_ownership_id, created_date, last_modified_date,
                                 gas_safety_upload_id, gas_safety_cert_issue_date, gas_safety_cert_engineer_num, gas_safety_cert_exemption_reason, gas_safety_cert_exemption_other_reason,
                                 eicr_upload_id, eicr_issue_date, eicr_exemption_reason, eicr_exemption_other_reason,
                                 epc_url, epc_expiry_date, tenancy_started_before_epc_expiry, epc_energy_rating, epc_exemption_reason, epc_mees_exemption_reason,
                                 has_fire_safety_declaration, has_keep_property_safe_declaration, has_responsibility_to_tenants_declaration)
VALUES (1, 5, '01/01/25', '01/01/25',
        null, null, null, null, null,
        null, null, null, null,
        null, null, null, null, null, null,
        true, true, true),
       (2, 6, '01/01/25', '01/01/25',
        null, '1990-02-28', null, null, null,
        null, '1990-02-28', null, null,
        'https://find-energy-certificate-staging.digital.communities.gov.uk/energy-certificate/0000-0000-0000-0961-0832', '2021-03-16', false, 'c', null, null,
        true, true, true),
       (3, 7, '01/01/25', '01/01/25',
        null, null, null, 0, null,
        null, null, 0, null,
        'https://find-energy-certificate-staging.digital.communities.gov.uk/energy-certificate/0000-0000-0000-1050-2867', '2031-02-28', null, 'g', null, null,
        true, true, true),
       (4, 8, '01/01/25', '01/01/25',
        null, null, null, 0, null,
        null, null, 0, null,
        'https://find-energy-certificate-staging.digital.communities.gov.uk/energy-certificate/0000-0000-0000-0892-1563', '2030-12-03', null, 'c', null, null,
        true, true, true),
       (5, 9, '01/01/25', '01/01/25',
        null, null, null, 0, null,
        null, null, 0, null,
        'https://find-energy-certificate-staging.digital.communities.gov.uk/energy-certificate/0000-0000-0000-0892-1563', '2030-12-03', null, 'c', null, null,
        true, true, true) ON CONFLICT DO NOTHING;

SELECT setval(pg_get_serial_sequence('property_compliance', 'id'), (SELECT MAX(id) FROM property_compliance));

INSERT INTO passcode (passcode, created_date, last_modified_date, subject_identifier)
VALUES ('PRSD22', current_date, null, 'urn:fdc:gov.uk:2022:mGHDySEVfCsvfvc6lVWf6Qt9Dv0ZxPQWKoEzcjnBlUo'),
       ('PRSD23', current_date, null, 'urn:fdc:gov.uk:2022:_RNZomOzEjxF4o2NzxWskS062b7hTVWLFI8TYsmoWAk'),
       ('PRSD24', current_date, null, 'urn:fdc:gov.uk:2022:A9B5GpzhlOrNoGQM65oUESHL5i3O9fp0wjizEFVcCrU'),
       ('PRSD25', current_date, null, 'urn:fdc:gov.uk:2022:ListhqO1Hu6G90tyF_Rozj4F0YkLHreBnCQZ3JQSiEU'),
       ('PRSD26', current_date, null, 'urn:fdc:gov.uk:2022:07lXHJeQwE0k5PZO7w_PQF425vT8T7e63MrvyPYNSoI'),
       ('PRSD27', current_date, null, 'urn:fdc:gov.uk:2022:sgO5-g7fThIp2MhXMcvFo5N6ObnstGFVNSYFkghMd24'),
       ('PRSD29', current_date, null, 'urn:fdc:gov.uk:2022:La9gwI6zvuzT3yvKjsKEH2cDbtL88wNbiqAeXQ0plEM'),
       ('PRSD32', current_date, null, 'urn:fdc:gov.uk:2022:mwfvbb5GgiDh0acjz9EDDQ7zwskWZzUSnWfavL70f6s') ON CONFLICT DO NOTHING;
