INSERT INTO one_login_user (id, name, email, created_date, last_modified_date)
VALUES ('urn:fdc:gov.uk:2022:ABCDE', 'Bob T Builder', 'bobthebuilder@gmail.com', '09/13/24', '09/13/24'),
       ('urn:fdc:gov.uk:2022:FGHIJ', 'Anne Other', 'Anne.Other@hotmail.com', '09/13/24', '09/13/24'),
       ('urn:fdc:gov.uk:2022:KLMNO', 'Ford Prefect', 'Ford.Prefect@hotmail.com', '10/07/24', '10/07/24'),
       ('urn:fdc:gov.uk:2022:UVWXY', 'Mock User', 'test@example.com', '10/14/24', '10/14/24'),
       ('urn:fdc:gov.uk:2022:PQRST', 'Arthur Dent', 'Arthur.Dent@hotmail.com', '10/09/24', '10/09/24'),
       ('urn:fdc:gov.uk:2022:07lXHJeQwE0k5PZO7w_PQF425vT8T7e63MrvyPYNSoI', 'Jasmin Conterio',
        'jasmin.conterio@softwire.com', '10/07/24', '10/07/24'),
       ('urn:fdc:gov.uk:2022:mwfvbb5GgiDh0acjz9EDDQ7zwskWZzUSnWfavL70f6s', 'Isobel Ibironke',
        'isobel.ibironke@softwire.com', '10/02/24', '10/02/24'),
       ('urn:fdc:gov.uk:2022:mGHDySEVfCsvfvc6lVWf6Qt9Dv0ZxPQWKoEzcjnBlUo', 'PRSDB Landlord',
        'Team-PRSDB+landlord@softwire.com', '10/15/24', '10/15/24'),
       ('urn:fdc:gov.uk:2022:n93slCXHsxJ9rU6-AFM0jFIctYQjYf0KN9YVuJT-cao', 'PRSDB LA Admin',
        'Team-PRSDB+laadmin@softwire.com', '10/15/24', '10/15/24'),
       ('urn:fdc:gov.uk:2022:cgVX2oJWKHMwzm8Gzx25CSoVXixVS0rw32Sar4Om8vQ', 'PRSDB La User',
        'Team-PRSDB+lauser@softwire.com', '10/15/24', '10/15/24'),
       ('urn:fdc:gov.uk:2022:A', '', '', '01/15/25', '01/15/25'),
       ('urn:fdc:gov.uk:2022:B', '', '', '01/15/25', '01/15/25'),
       ('urn:fdc:gov.uk:2022:C', '', '', '01/15/25', '01/15/25'),
       ('urn:fdc:gov.uk:2022:D', '', '', '01/15/25', '01/15/25'),
       ('urn:fdc:gov.uk:2022:E', '', '', '01/15/25', '01/15/25'),
       ('urn:fdc:gov.uk:2022:F', '', '', '01/15/25', '01/15/25'),
       ('urn:fdc:gov.uk:2022:G', '', '', '01/15/25', '01/15/25'),
       ('urn:fdc:gov.uk:2022:H', '', '', '01/15/25', '01/15/25'),
       ('urn:fdc:gov.uk:2022:I', '', '', '01/15/25', '01/15/25'),
       ('urn:fdc:gov.uk:2022:J', '', '', '01/15/25', '01/15/25'),
       ('urn:fdc:gov.uk:2022:K', '', '', '01/15/25', '01/15/25'),
       ('urn:fdc:gov.uk:2022:L', '', '', '01/15/25', '01/15/25'),
       ('urn:fdc:gov.uk:2022:M', '', '', '01/15/25', '01/15/25'),
       ('urn:fdc:gov.uk:2022:N', '', '', '01/15/25', '01/15/25'),
       ('urn:fdc:gov.uk:2022:O', '', '', '01/15/25', '01/15/25'),
       ('urn:fdc:gov.uk:2022:P', '', '', '01/15/25', '01/15/25'),
       ('urn:fdc:gov.uk:2022:Q', '', '', '01/15/25', '01/15/25'),
       ('urn:fdc:gov.uk:2022:R', '', '', '01/15/25', '01/15/25'),
       ('urn:fdc:gov.uk:2022:S', '', '', '01/15/25', '01/15/25'),
       ('urn:fdc:gov.uk:2022:T', '', '', '01/15/25', '01/15/25'),
       ('urn:fdc:gov.uk:2022:U', '', '', '01/15/25', '01/15/25'),
       ('urn:fdc:gov.uk:2022:V', '', '', '01/15/25', '01/15/25'),
       ('urn:fdc:gov.uk:2022:W', '', '', '01/15/25', '01/15/25'),
       ('urn:fdc:gov.uk:2022:X', '', '', '01/15/25', '01/15/25'),
       ('urn:fdc:gov.uk:2022:Y', '', '', '01/15/25', '01/15/25'),
       ('urn:fdc:gov.uk:2022:Z', '', '', '01/15/25', '01/15/25');

INSERT INTO landlord_user (subject_identifier, phone_number, date_of_birth, created_date, last_modified_date)
VALUES ('urn:fdc:gov.uk:2022:ABCDE', '07712345678', '01/01/00', '09/13/24', '09/13/24'),
       ('urn:fdc:gov.uk:2022:FGHIJ', '07811111111', '11/23/98', '09/13/24', '09/13/24'),
       ('urn:fdc:gov.uk:2022:UVWXY', '01406946277', '06/16/84', '10/14/24', '10/14/24'),
       ('urn:fdc:gov.uk:2022:07lXHJeQwE0k5PZO7w_PQF425vT8T7e63MrvyPYNSoI', '01223456789', '02/01/00', '10/09/24',
        '10/09/24'),
       ('urn:fdc:gov.uk:2022:mwfvbb5GgiDh0acjz9EDDQ7zwskWZzUSnWfavL70f6s', '01223456789', '02/01/00', '10/02/24',
        '10/02/24'),
       ('urn:fdc:gov.uk:2022:mGHDySEVfCsvfvc6lVWf6Qt9Dv0ZxPQWKoEzcjnBlUo', '01223456789', '03/05/00', '10/15/24',
        '10/09/24');

INSERT INTO local_authority_user (subject_identifier, is_manager, local_authority_id, created_date, last_modified_date,
                                  name, email)
VALUES ('urn:fdc:gov.uk:2022:KLMNO', true, 1, '10/07/24', '10/07/24', 'Ford Prefect', 'Ford.Prefect@la.com'),
       ('urn:fdc:gov.uk:2022:UVWXY', true, 1, '10/14/24', '10/14/24', 'Mock User', 'test@la.com'),
       ('urn:fdc:gov.uk:2022:PQRST', false, 1, '10/09/24', '10/09/24', 'Arthur Dent', 'Arthur.Dent@la.com'),
       ('urn:fdc:gov.uk:2022:07lXHJeQwE0k5PZO7w_PQF425vT8T7e63MrvyPYNSoI', true, 1, '10/09/24', '10/09/24',
        'Jasmin Conterio',
        'jasmin.conterio@softwire.com'),
       ('urn:fdc:gov.uk:2022:mwfvbb5GgiDh0acjz9EDDQ7zwskWZzUSnWfavL70f6s', true, 1, '10/02/24', '10/02/24',
        'Isobel Ibironke',
        'isobel.ibironke@softwire.com'),
       ('urn:fdc:gov.uk:2022:n93slCXHsxJ9rU6-AFM0jFIctYQjYf0KN9YVuJT-cao', true, 1, '10/15/24', '10/15/24',
        'PRSDB LA Admin',
        'Team-PRSDB+laadmin@softwire.com'),
       ('urn:fdc:gov.uk:2022:cgVX2oJWKHMwzm8Gzx25CSoVXixVS0rw32Sar4Om8vQ', false, 1, '10/15/24', '10/15/24',
        'PRSDB La User',
        'Team-PRSDB+lauser@softwire.com');

INSERT INTO local_authority_invitation (invited_email, inviting_authority_id, token)
VALUES ('invited.user@example.com', 1, gen_random_uuid()),
       ('user.invited@example.com', 1, gen_random_uuid()),
       ('further.user@example.com', 1, gen_random_uuid()),
       ('another.user@example.com', 1, gen_random_uuid());

INSERT INTO registration_number (id, created_date, number, type)
VALUES (1, '09/13/24', 2001001001, 1),
       (2, '09/13/24', 3002001002, 1),
       (3, '10/07/24', 4003001003, 1),
       (4, '10/14/24', 5004001004, 1),
       (5, '10/09/24', 6005001005, 1),
       (6, '12/10/24', 7006001006, 0),
       (7, '12/19/24', 8005001005, 1),
       (8,'01/15/25',1001001001,1),
       (9,'01/15/25',1001001002,1),
       (10,'01/15/25',1001001003,1),
       (11,'01/15/25',1001001004,1),
       (12,'01/15/25',1001001005,1),
       (13,'01/15/25',1001001006,1),
       (14,'01/15/25',1001001007,1),
       (15,'01/15/25',1001001008,1),
       (16,'01/15/25',1001001009,1),
       (17,'01/15/25',1001001010,1),
       (18,'01/15/25',1001001011,1),
       (19,'01/15/25',1001001012,1),
       (20,'01/15/25',1001001013,1),
       (21,'01/15/25',1001001014,1),
       (22,'01/15/25',1001001015,1),
       (23,'01/15/25',1001001016,1),
       (24,'01/15/25',1001001017,1),
       (25,'01/15/25',1001001018,1),
       (26,'01/15/25',1001001019,1),
       (27,'01/15/25',1001001020,1),
       (28,'01/15/25',1001001021,1),
       (29,'01/15/25',1001001022,1),
       (30,'01/15/25',1001001023,1),
       (31,'01/15/25',1001001024,1),
       (32,'01/15/25',1001001025,1),
       (33,'01/15/25',100100106,1),
       (34, '12/10/24', 0006001002, 0),
       (35, '12/10/24', 0006001003, 0),
       (36, '12/10/24', 0006001004, 0),
       (37, '12/10/24', 0006001005, 0),
       (38, '12/10/24', 0006001006, 0),
       (39, '02/02/25', 0006001007, 0);

SELECT setval(pg_get_serial_sequence('registration_number', 'id'), (SELECT MAX(id) FROM registration_number));

INSERT INTO address (id, created_date, last_modified_date, uprn, single_line_address, local_authority_id)
VALUES (1, '09/13/24', '09/13/24', 1, '1 Fictional Road', 1),
       (2, '09/13/24', '09/13/24', 2, '2 Fake Way', 1),
       (3, '09/13/24', '09/13/24', 3, '3 Imaginary Street', 1),
       (4, '09/13/24', '09/13/24', 4, '4 Pretend Crescent', 1),
       (5, '09/13/24', '09/13/24', 5, '5 Mythical Place', 1),
       (6, '12/10/2024', '12/10/2024', 1123456, '1, Example Road, EG', 1),
       (7, '09/13/24', '09/13/24', 6, '2 Fictional Road', 1),
       (8, '09/13/24', '09/13/24', 7, '3 Fake Way', 1),
       (9, '09/13/24', '09/13/24', 8, '4 Imaginary Street', 1),
       (10, '09/13/24', '09/13/24', 9, '5 Pretend Crescent', 1),
       (11, '09/13/24', '09/13/24', 10, '6 Mythical Place', 1),
       (12, '09/13/24', '09/13/24', null, '6 Mythical Place', 1);

SELECT setval(pg_get_serial_sequence('address', 'id'), (SELECT MAX(id) FROM address));

INSERT INTO landlord (id, created_date, last_modified_date, registration_number_id, address_id, date_of_birth,
                      is_active, phone_number, subject_identifier, name, email)
VALUES (1, '09/13/24', '09/13/24', 1, 1, '09/13/2000', true, 07111111111, 'urn:fdc:gov.uk:2022:UVWXY',
        'Alexander Smith', 'alex.surname@example.com'),
       (2, '09/13/24', '09/13/24', 2, 2, '08/13/2001', true, 07111111111, 'urn:fdc:gov.uk:2022:ABCDE',
        'Alexandra Davies', 'alexandra.q.davies@example.com'),
       (3, '09/13/24', '09/13/24', 3, 3, '07/13/1997', true, 07111111111, 'urn:fdc:gov.uk:2022:PQRST',
        'Evan Alexandrescu', 'unrelatedemail@completelydifferentdomain.com'),
       (4, '09/13/24', '09/13/24', 4, 4, '06/13/1989', true, 07111111111,
        'urn:fdc:gov.uk:2022:07lXHJeQwE0k5PZO7w_PQF425vT8T7e63MrvyPYNSoI', 'Tobias Evans', 'tobyevans@importantco.com'),
       (5, '09/13/24', '09/13/24', 5, 5, '05/13/1950', true, 07111111111,
        'urn:fdc:gov.uk:2022:mwfvbb5GgiDh0acjz9EDDQ7zwskWZzUSnWfavL70f6s', 'Margaret Mary Smith',
        'mm.smith@importantco.com'),
       (6, '12/19/24', '12/19/24', 7, 5, '06/13/1989', true, 07111111111,
        'urn:fdc:gov.uk:2022:mGHDySEVfCsvfvc6lVWf6Qt9Dv0ZxPQWKoEzcjnBlUo', 'PRSDB Landlord',
        'Team-PRSDB+landlord@softwire.com'),
       (7, '01/15/25', '01/15/25', 6, 5, '06/13/1989', true, 0, 'urn:fdc:gov.uk:2022:FGHIJ', 'PRSDB',
        'test@example.com'),
       (8, '01/15/25', '01/15/25', 8, 5, '06/13/1989', true, 0, 'urn:fdc:gov.uk:2022:A', 'PRSDB', 'test@example.com'),
       (9, '01/15/25', '01/15/25', 9, 5, '06/13/1989', true, 0, 'urn:fdc:gov.uk:2022:B', 'PRSDB', 'test@example.com'),
       (10, '01/15/25', '01/15/25', 10, 5, '06/13/1989', true, 0, 'urn:fdc:gov.uk:2022:C', 'PRSDB', 'test@example.com'),
       (11, '01/15/25', '01/15/25', 11, 5, '06/13/1989', true, 0, 'urn:fdc:gov.uk:2022:D', 'PRSDB', 'test@example.com'),
       (12, '01/15/25', '01/15/25', 12, 5, '06/13/1989', true, 0, 'urn:fdc:gov.uk:2022:E', 'PRSDB', 'test@example.com'),
       (13, '01/15/25', '01/15/25', 13, 5, '06/13/1989', true, 0, 'urn:fdc:gov.uk:2022:F', 'PRSDB', 'test@example.com'),
       (14, '01/15/25', '01/15/25', 14, 5, '06/13/1989', true, 0, 'urn:fdc:gov.uk:2022:G', 'PRSDB', 'test@example.com'),
       (15, '01/15/25', '01/15/25', 15, 5, '06/13/1989', true, 0, 'urn:fdc:gov.uk:2022:H', 'PRSDB', 'test@example.com'),
       (16, '01/15/25', '01/15/25', 16, 5, '06/13/1989', true, 0, 'urn:fdc:gov.uk:2022:I', 'PRSDB', 'test@example.com'),
       (17, '01/15/25', '01/15/25', 17, 5, '06/13/1989', true, 0, 'urn:fdc:gov.uk:2022:J', 'PRSDB', 'test@example.com'),
       (18, '01/15/25', '01/15/25', 18, 5, '06/13/1989', true, 0, 'urn:fdc:gov.uk:2022:K', 'PRSDB', 'test@example.com'),
       (19, '01/15/25', '01/15/25', 19, 5, '06/13/1989', true, 0, 'urn:fdc:gov.uk:2022:L', 'PRSDB', 'test@example.com'),
       (20, '01/15/25', '01/15/25', 20, 5, '06/13/1989', true, 0, 'urn:fdc:gov.uk:2022:M', 'PRSDB', 'test@example.com'),
       (21, '01/15/25', '01/15/25', 21, 5, '06/13/1989', true, 0, 'urn:fdc:gov.uk:2022:N', 'PRSDB', 'test@example.com'),
       (22, '01/15/25', '01/15/25', 22, 5, '06/13/1989', true, 0, 'urn:fdc:gov.uk:2022:O', 'PRSDB', 'test@example.com'),
       (23, '01/15/25', '01/15/25', 23, 5, '06/13/1989', true, 0, 'urn:fdc:gov.uk:2022:P', 'PRSDB', 'test@example.com'),
       (24, '01/15/25', '01/15/25', 24, 5, '06/13/1989', true, 0, 'urn:fdc:gov.uk:2022:Q', 'PRSDB', 'test@example.com'),
       (25, '01/15/25', '01/15/25', 25, 5, '06/13/1989', true, 0, 'urn:fdc:gov.uk:2022:R', 'PRSDB', 'test@example.com'),
       (26, '01/15/25', '01/15/25', 26, 5, '06/13/1989', true, 0, 'urn:fdc:gov.uk:2022:S', 'PRSDB', 'test@example.com'),
       (27, '01/15/25', '01/15/25', 27, 5, '06/13/1989', true, 0, 'urn:fdc:gov.uk:2022:T', 'PRSDB', 'test@example.com'),
       (28, '01/15/25', '01/15/25', 28, 5, '06/13/1989', true, 0, 'urn:fdc:gov.uk:2022:U', 'PRSDB', 'test@example.com'),
       (29, '01/15/25', '01/15/25', 29, 5, '06/13/1989', true, 0, 'urn:fdc:gov.uk:2022:V', 'PRSDB', 'test@example.com'),
       (30, '01/15/25', '01/15/25', 30, 5, '06/13/1989', true, 0, 'urn:fdc:gov.uk:2022:W', 'PRSDB', 'test@example.com'),
       (31, '01/15/25', '01/15/25', 31, 5, '06/13/1989', true, 0, 'urn:fdc:gov.uk:2022:X', 'PRSDB', 'test@example.com'),
       (32, '01/15/25', '01/15/25', 32, 5, '06/13/1989', true, 0, 'urn:fdc:gov.uk:2022:Y', 'PRSDB', 'test@example.com'),
       (33, '01/15/25', '01/15/25', 33, 5, '06/13/1989', true, 0, 'urn:fdc:gov.uk:2022:Z', 'PRSDB', 'test@example.com');

SELECT setval(pg_get_serial_sequence('landlord', 'id'), (SELECT MAX(id) FROM landlord));

INSERT INTO property (id, status, is_active, property_build_type, address_id)
VALUES (1, 1, true, 1, 6),
       (2, 1, true, 1, 7),
       (3, 1, true, 1, 8),
       (4, 1, true, 1, 9),
       (5, 1, true, 1, 10),
       (6, 1, false, 1, 11),
       (7, 1, true, 1, 12);

SELECT setval(pg_get_serial_sequence('property', 'id'), (SELECT MAX(id) FROM property));

INSERT INTO license (id, license_type, license_number)
VALUES (1, 1, 'L12345678');
SELECT setval(pg_get_serial_sequence('license', 'id'), (SELECT MAX(id) FROM license));

INSERT INTO property_ownership (id, is_active, occupancy_type, landlord_type, ownership_type, current_num_households,
                                current_num_tenants,
                                registration_number_id, primary_landlord_id, property_id, created_date, license_id)
VALUES (1, true, 0, 0, 1, 1, 2, 6, 1, 1, '01/15/25', null),
       (2, false, 0, 0, 1, 1, 2, 34, 2, 2, '01/15/25', null),
       (3, true, 0, 0, 1, 1, 2, 35, 4, 3, '01/15/25', null),
       (4, true, 0, 0, 1, 1, 2, 36, 1, 4, '01/15/25',null),
       (5, true, 0, 0, 1, 1, 2, 37, 1, 5, '01/15/25', null),
       (6, false, 0, 0, 1, 1, 2, 38, 1, 6, '01/15/25', null),
       (7, true, 0, 0, 1, 0, 0, 39, 1, 7, '02/02/25', 1);

SELECT setval(pg_get_serial_sequence('property_ownership', 'id'), (SELECT MAX(id) FROM property_ownership));