INSERT INTO prsdb_user (id, created_date)
VALUES ('urn:fdc:gov.uk:2022:n93slCXHsxJ9rU6-AFM0jFIctYQjYf0KN9YVuJT-cao', '2024-10-15 00:00:00+00'),        -- Team-PRSDB+laadmin@softwire.com
       ('urn:fdc:gov.uk:2022:cgVX2oJWKHMwzm8Gzx25CSoVXixVS0rw32Sar4Om8vQ', '2024-10-15 00:00:00+00'),        -- Team-PRSDB+lauser@softwire.com
       ('urn:fdc:gov.uk:2022:_RNZomOzEjxF4o2NzxWskS062b7hTVWLFI8TYsmoWAk',
        '2025-02-19 12:01:07.575927+00'),                                                                    -- travis.woodward@communities.gov.uk
       ('urn:fdc:gov.uk:2022:DySqeEXIC4G2xauOirtTDcezwCPLZgQPUQZmQ-aIIMk', '2025-02-26 17:02:19.625996+00'), -- travis.woodward@softwire.com
       ('urn:fdc:gov.uk:2022:A9B5GpzhlOrNoGQM65oUESHL5i3O9fp0wjizEFVcCrU', '2025-03-06 15:32:59.529898+00'), -- alexander.read@softwire.com
       ('urn:fdc:gov.uk:2022:07lXHJeQwE0k5PZO7w_PQF425vT8T7e63MrvyPYNSoI', '2025-03-12 17:12:19.833105+00'), -- jasmin.conterio@softwire.com
       ('urn:fdc:gov.uk:2022:ListhqO1Hu6G90tyF_Rozj4F0YkLHreBnCQZ3JQSiEU',
        '2025-03-17 10:13:36.388805+00'),                                                                    -- kiran.randhawakukar@softwire.com
       ('urn:fdc:gov.uk:2022:mGHDySEVfCsvfvc6lVWf6Qt9Dv0ZxPQWKoEzcjnBlUo', '2024-10-15 00:00:00+00'),        -- Team-PRSDB+landlord@softwire.com
       ('urn:fdc:gov.uk:2022:ea8XwChQkjezm4MgGJIzI_HRm7l8IPPTIMT705UQXjI',
        '2025-02-27 13:56:15.745135+00'),                                                                    -- geetika.kejriwal@communities.gov.uk
       ('urn:fdc:gov.uk:2022:kob7zYIuzdrUxKTYq7160l_6Tj2ScXTPJ876jZVvAFA',
        '2025-02-27 13:58:02.81462+00'),                                                                     -- catherine.graham2@communities.gov.uk
       ('urn:fdc:gov.uk:2022:sgO5-g7fThIp2MhXMcvFo5N6ObnstGFVNSYFkghMd24',
        '2025-03-06 08:22:41.002251+00'),                                                                    -- Team-PRSDB+Unverified@softwire.com
       ('urn:fdc:gov.uk:2022:La9gwI6zvuzT3yvKjsKEH2cDbtL88wNbiqAeXQ0plEM',
        '2025-03-06 10:33:22.395944+00'),                                                                    -- team-prsdb+verified@softwire.com
       ('urn:fdc:gov.uk:2022:DXI5RSmCmbPQQhBAPCbw1nkL-Dauufg6VOWdR9TuYlk',
        '2025-04-01 11:15:40.136113+00'),                                                                    -- norris.orighoye@communities.gov.uk
       ('urn:fdc:gov.uk:2022:vgKfvjYRO1LnJkmBr7CkEV62g9WoDeD-sZZNt9GCiVU',
        '2025-04-02 12:52:16.995889+00'),                                                                    -- sharan.flora@communities.gov.uk
       ('urn:fdc:gov.uk:2022:pciqch9dYbtBx2rAhxvaCIEu00cQv3NFeIk5f4BesLo', '2025-04-02 13:01:55.29454+00'),  -- rowan.hill@softwire.com
       ('urn:fdc:gov.uk:2022:Q2BSE6pweSpQF8oSBhjHAIjEuLlkRJZzJQ4TO0c7wgI',
        '2025-04-22 10:55:55.704192+00'),                                                                    -- sandra.lila@communities.gov.uk
       ('urn:fdc:gov.uk:2022:GzFopg--2AyE6XtssVWwQTPELVQFupHJOjpONWS2uz0',
        '2025-05-01 10:33:22.395944+00'),                                                                    -- Team-PRSDB+systemoperator@softwire.com
       ('urn:fdc:gov.uk:2022:T0PqJH7B2o8y3t8-cCEsAk1tL8iSf-svJy-O5HvsynE',
        '2025-10-09 12:44:47.460558+00'),                                                                    -- chris.lightfoot@communities.gov.uk
       ('urn:fdc:gov.uk:2022:BqdyyKzMzY6miLk0NSjJZ8j4GHtmuLgL45KisrXMxMg',
        '2025-10-17 14:14:00.484077+00'),                                                                    -- Ned.FrederickCalas-Hathaway@softwire.com
       ('urn:fdc:gov.uk:2022:po6yDD8EFb0c0UfVVoEZHKQyN_mvBG81mcZPz1r83Ss',
        '2025-10-30 10:59:39.724707+00'),                                                                    -- dani.swift@communities.gov.uk
       ('urn:fdc:gov.uk:2022:zLxuwilkLOLLpD3tTmOcG_lE8BNj0NFyqjU17lzn6cI',
        '2025-11-10 12:13:21.344193+00'),                                                                    -- rebecca.coll@communities.gov.uk
       ('urn:fdc:gov.uk:2022:nzYcgBUq3Exgd00RvATgx6_nIUpEq5vO0mMeeNGoLI8',
        '2025-11-10 15:03:08.410190+00'),                                                                    -- shannon.okyemba-tsambou@communities.gov.uk
       ('urn:fdc:gov.uk:2022:mCqrvLgjky23tcKQNo4C4GjDn13sZNcVhdhfqqvimTc',
        '2025-05-01 10:33:22.395944+00'),                                                                    -- Lewis.Jones@communities.gov.uk
       ('urn:fdc:gov.uk:2022:V7SiTu5znvhYuTqkLgN0cOzaGrzkKpGBnrWj8BRQ34Y', '2025-12-01 10:33:22.395944+00')  -- Adam.Jennings@softwire.com
ON CONFLICT DO NOTHING;


-- TODO PDJB-607: Replace One Login subject identifiers with Internal Access equivalents
INSERT INTO local_council_user (id, created_date, last_modified_date, subject_identifier, is_manager, local_council_id, email, name,
                                has_accepted_privacy_notice)
VALUES (1, '2024-10-15 00:00:00+00', '2024-10-15 00:00:00+00', 'urn:fdc:gov.uk:2022:n93slCXHsxJ9rU6-AFM0jFIctYQjYf0KN9YVuJT-cao', true, 2,
        'Team-PRSDB+laadmin@softwire.com', 'PRSDB LA Admin', true),
       (2, '2024-10-15 00:00:00+00', '2025-02-21 16:12:51.530782+00', 'urn:fdc:gov.uk:2022:cgVX2oJWKHMwzm8Gzx25CSoVXixVS0rw32Sar4Om8vQ',
        false, 2, 'Team-PRSDB+lauser@softwire.com', 'PRSDB La User', true),
       (3, '2025-02-19 12:01:07.575927+00', null, 'urn:fdc:gov.uk:2022:_RNZomOzEjxF4o2NzxWskS062b7hTVWLFI8TYsmoWAk', true, 2,
        'travis.woodward@communities.gov.uk', 'Travis Woodward', true),
       (4, '2025-02-26 17:02:19.625996+00', null, 'urn:fdc:gov.uk:2022:DySqeEXIC4G2xauOirtTDcezwCPLZgQPUQZmQ-aIIMk', true, 2,
        'travis.woodward@softwire.com', 'Travis Woodward (Softwire)', true),
       (6, '2025-03-06 15:32:59.529898+00', null, 'urn:fdc:gov.uk:2022:A9B5GpzhlOrNoGQM65oUESHL5i3O9fp0wjizEFVcCrU', true, 2,
        'alexander.read@softwire.com', 'Alexander Read', true),
       (8, '2025-03-12 17:12:19.833105+00', '2025-03-12 17:13:10.020624+00',
        'urn:fdc:gov.uk:2022:07lXHJeQwE0k5PZO7w_PQF425vT8T7e63MrvyPYNSoI', true, 2, 'jasmin.conterio@softwire.com', 'Jasmin Conterio',
        true),
       (9, '2025-03-17 10:13:36.388805+00', null, 'urn:fdc:gov.uk:2022:ListhqO1Hu6G90tyF_Rozj4F0YkLHreBnCQZ3JQSiEU', true, 2,
        'kiran.randhawakukar@softwire.com', 'Kiran Fake Name', true),
       (11, '2025-04-01 11:15:40.136113+00', '2025-04-01 11:16:14.219671+00',
        'urn:fdc:gov.uk:2022:DXI5RSmCmbPQQhBAPCbw1nkL-Dauufg6VOWdR9TuYlk', true, 2, 'norris.orighoye@communities.gov.uk', 'Norris Orighoye',
        true),
       (12, '2025-04-02 12:52:16.995889+00', '2025-04-02 12:52:31.405327+00',
        'urn:fdc:gov.uk:2022:vgKfvjYRO1LnJkmBr7CkEV62g9WoDeD-sZZNt9GCiVU', true, 2, 'sharan.flora@communities.gov.uk', 'Sharan Flora',
        true),
       (13, '2025-04-02 13:01:55.29454+00', '2025-04-02 13:02:44.768007+00',
        'urn:fdc:gov.uk:2022:pciqch9dYbtBx2rAhxvaCIEu00cQv3NFeIk5f4BesLo', true, 2, 'rowan.hill@softwire.com', 'Rowan Hill', true),
       (16, '2025-04-22 10:55:55.704192+00', '2025-04-22 10:56:23.318524+00',
        'urn:fdc:gov.uk:2022:Q2BSE6pweSpQF8oSBhjHAIjEuLlkRJZzJQ4TO0c7wgI', true, 2, 'sandra.lila@communities.gov.uk', 'Sandra Lila', true),
       (17, '2025-04-22 10:55:55.704192+00', '2025-04-22 10:56:23.318524+00',
        'urn:fdc:gov.uk:2022:ea8XwChQkjezm4MgGJIzI_HRm7l8IPPTIMT705UQXjI', true, 2, 'geetika.kejriwal@communities.gov.uk',
        'Geetika Kejriwal', true),
       (18, '2025-04-22 10:55:55.704192+00', '2025-04-22 10:56:23.318524+00',
        'urn:fdc:gov.uk:2022:kob7zYIuzdrUxKTYq7160l_6Tj2ScXTPJ876jZVvAFA', true, 2, 'catherine.graham2@communities.gov.uk',
        'Catherine Graham', true),
       (19, '2025-10-09 12:44:47.460558+00', '2025-10-09 12:44:47.460558+00',
        'urn:fdc:gov.uk:2022:T0PqJH7B2o8y3t8-cCEsAk1tL8iSf-svJy-O5HvsynE', true, 2, 'chris.lightfoot@communities.gov.uk', 'Hello Name',
        true),
       (20, '2025-10-23 13:07:12.755421+00', '2025-10-23 13:07:32.345208+00',
        'urn:fdc:gov.uk:2022:BqdyyKzMzY6miLk0NSjJZ8j4GHtmuLgL45KisrXMxMg', true, 2, 'Ned.FrederickCalas-Hathaway@softwire.com',
        'Ned Calas-Hathaway', true),
       (21, '2025-10-30 11:21:48.730479+00', null, 'urn:fdc:gov.uk:2022:po6yDD8EFb0c0UfVVoEZHKQyN_mvBG81mcZPz1r83Ss', true, 2,
        'dani.swift@communities.gov.uk', 'Dani Swift', true),
       (22, '2025-11-10 12:13:21.344193+00', null, 'urn:fdc:gov.uk:2022:zLxuwilkLOLLpD3tTmOcG_lE8BNj0NFyqjU17lzn6cI', true, 2,
        'rebecca.coll@communities.gov.uk', 'Rebecca Coll', true),
       (23, '2025-11-10 17:00:00.000000+00', null, 'urn:fdc:gov.uk:2022:nzYcgBUq3Exgd00RvATgx6_nIUpEq5vO0mMeeNGoLI8', true, 2,
        'shannon.okyemba-tsambou@communities.gov.uk', 'Shannon Okyemba-Tsambou', true),
       (24, '2025-12-01 10:33:22.395944+00', null, 'urn:fdc:gov.uk:2022:mCqrvLgjky23tcKQNo4C4GjDn13sZNcVhdhfqqvimTc', true, 2,
        'Lewis.Jones@communities.gov.uk', 'Lewis Jones', true),
       (25, '2025-12-01 10:33:22.395944+00', '2025-12-01 16:00:00+00', 'urn:fdc:gov.uk:2022:V7SiTu5znvhYuTqkLgN0cOzaGrzkKpGBnrWj8BRQ34Y',
        true, 2, 'Adam.Jennings@softwire.com', 'Adam Jennings', true)
ON CONFLICT DO NOTHING;

SELECT setval(pg_get_serial_sequence('local_council_user', 'id'), (SELECT MAX(id) FROM local_council_user));

INSERT INTO registration_number (id, created_date, number, type)
VALUES (1, '2024-10-15 00:00:00+00', 2001001001, 1),
       (2, '2024-10-15 00:00:00+00', 3002001002, 1),
       (3, '2025-02-19 08:23:57.267183+00', 127959730689, 1),
       (4, '2025-02-19 13:41:13.782443+00', 116136809177, 1),
       (5, '2025-02-19 13:59:18.561124+00', 6136283775, 1),
       (6, '2025-02-20 11:50:45.723696+00', 105757165800, 1),
       (7, '2025-02-24 09:29:52.993571+00', 116726635893, 1),
       (8, '2025-02-24 10:01:14.5196+00', 61597584540, 1),
       (9, '2025-02-27 13:54:35.212499+00', 52836094838, 1),
       (10, '2025-02-27 13:55:19.931954+00', 49873217784, 1),
       (11, '2025-02-27 13:56:15.743199+00', 80551586002, 1),
       (12, '2025-02-27 13:58:02.810321+00', 72697323406, 1),
       (13, '2025-02-27 13:58:02.810321+00', 54697323416, 1),
       (14, '2025-04-01 10:42:02.484395+00', 34742750336, 1),
       (15, '2025-04-01 11:08:11.221142+00', 138260615999, 1),
       (16, '2025-04-02 12:49:10.383124+00', 8590019234, 1),
       (17, '2025-04-02 12:51:57.960029+00', 157739634401, 1),
       (18, '2025-04-03 13:19:34.895749+00', 134224000506, 1),
       (19, '2025-04-03 13:32:17.570957+00', 49069884578, 1),
       (20, '2025-04-07 14:24:48.883888+00', 62926068489, 1),
       (21, '2025-01-15 00:00:00+00', 83811499802, 0),
       (22, '2025-01-15 00:00:00+00', 40666195053, 0),
       (23, '2025-01-15 00:00:00+00', 150242309330, 0),
       (24, '2025-01-15 00:00:00+00', 150242309331, 0),
       (25, '2025-11-10 16:00:00+00', 172360128082, 1),
       (26, '2025-11-10 16:00:00+00', 128085862692, 1),
       (27, '2025-11-10 16:05:00+00', 44704329706, 1),
       (28, '2025-11-10 16:05:00+00', 4003001003, 1),
       (29, '2025-11-10 16:05:00+00', 5004001004, 1),
       (30, '2025-11-10 16:05:00+00', 6005001005, 1),
       (31, '2026-04-14 00:00:00+00', 210000000031, 0),
       (32, '2026-04-14 00:00:00+00', 210000000032, 0),
       (33, '2026-04-14 00:00:00+00', 210000000033, 0),
       (34, '2026-04-14 00:00:00+00', 210000000034, 0),
       (35, '2026-04-14 00:00:00+00', 210000000035, 0),
       (36, '2026-04-14 00:00:00+00', 210000000036, 0),
       (37, '2026-04-14 00:00:00+00', 210000000037, 0),
       (38, '2026-04-14 00:00:00+00', 210000000038, 0),
       (39, '2026-04-14 00:00:00+00', 210000000039, 0),
       (40, '2026-04-14 00:00:00+00', 210000000040, 0),
       (41, '2026-04-14 00:00:00+00', 210000000041, 0),
       (42, '2026-04-14 00:00:00+00', 210000000042, 0)
ON CONFLICT DO NOTHING;

SELECT setval(pg_get_serial_sequence('registration_number', 'id'), (SELECT MAX(id) FROM registration_number));

INSERT INTO landlord (id, registration_number_id, address_id, created_date, email, non_england_or_wales_address, is_active,
                      last_modified_date, name, phone_number, subject_identifier, date_of_birth, country_of_residence, is_verified,
                      has_accepted_privacy_notice)
VALUES (1, 1, 1, '2024-10-15 00:00:00+00', 'Team-PRSDB+landlord@softwire.com', null, true, '2025-02-25 16:17:18.075473+00', 'PRSD Landlord',
        '+447123456789', 'urn:fdc:gov.uk:2022:mGHDySEVfCsvfvc6lVWf6Qt9Dv0ZxPQWKoEzcjnBlUo', '1950-05-13', 'England or Wales', false, true),
       (2, 2, 1, '2025-02-19 08:23:57.279777+00', 'travis.woodward@communities.gov.uk', null, true, null, 'LISA S C LOOSELEY',
        '07777777777', 'urn:fdc:gov.uk:2022:_RNZomOzEjxF4o2NzxWskS062b7hTVWLFI8TYsmoWAk', '1973-03-14', 'England or Wales', true, true),
       (3, 3, 1, '2025-02-19 13:41:13.861504+00', 'alexander.read@softwire.com', null, true, '2025-03-11 13:38:00.36893+00',
        'KENNETH DECERQUEIRA', '07777777777', 'urn:fdc:gov.uk:2022:A9B5GpzhlOrNoGQM65oUESHL5i3O9fp0wjizEFVcCrU', '1965-07-08',
        'England or Wales', false, true),
       (4, 4, 1, '2025-02-20 11:50:45.745273+00', 'kiran.randhawakukar@softwire.com', null, true, '2025-03-06 14:01:33.486684+00',
        'Not Kiran', '01234567890', 'urn:fdc:gov.uk:2022:ListhqO1Hu6G90tyF_Rozj4F0YkLHreBnCQZ3JQSiEU', '1965-07-08', 'England or Wales',
        false, true),
       (5, 5, 1, '2025-02-24 09:29:53.079945+00', 'jasmin.conterio@softwire.com', null, true, '2025-02-27 17:19:52.061638+00',
        'Jasmin Conterio', '01223 123 456', 'urn:fdc:gov.uk:2022:07lXHJeQwE0k5PZO7w_PQF425vT8T7e63MrvyPYNSoI', '1989-02-02',
        'England or Wales', false, true),
       (7, 7, 1, '2025-02-27 13:56:15.745135+00', 'geetika.kejriwal@communities.gov.uk', null, true, '2025-02-27 14:34:33.323661+00',
        'LISA S C LOOSELEY', '+447123456789', 'urn:fdc:gov.uk:2022:ea8XwChQkjezm4MgGJIzI_HRm7l8IPPTIMT705UQXjI', '1973-03-14',
        'England or Wales', true, true),
       (9, 9, 1, '2025-02-27 13:58:02.81462+00', 'catherine.graham2@communities.gov.uk', null, true, null, 'LISA S C LOOSELEY',
        '+447123456789', 'urn:fdc:gov.uk:2022:kob7zYIuzdrUxKTYq7160l_6Tj2ScXTPJ876jZVvAFA', '1973-03-14', 'England or Wales', true, true),
       (10, 10, 1, '2025-03-06 08:22:41.002251+00', 'Team-PRSDB+Unverified@softwire.com', null, true, '2025-03-11 13:47:42.800533+00',
        'Unverified Landlord', '07777777777', 'urn:fdc:gov.uk:2022:sgO5-g7fThIp2MhXMcvFo5N6ObnstGFVNSYFkghMd24', '1996-03-03',
        'England or Wales', false, true),
       (11, 11, 1, '2025-03-06 10:33:22.395944+00', 'team-prsdb+verified@softwire.com', null, true, null, 'KENNETH DECERQUEIRA',
        '07777777777', 'urn:fdc:gov.uk:2022:La9gwI6zvuzT3yvKjsKEH2cDbtL88wNbiqAeXQ0plEM', '1965-07-08', 'England or Wales', true, true),
       (12, 12, 1, '2025-04-01 11:08:11.224604+00', 'norris.orighoye@communities.gov.uk', null, true, null, 'Norris Orighoye',
        '07777777777', 'urn:fdc:gov.uk:2022:DXI5RSmCmbPQQhBAPCbw1nkL-Dauufg6VOWdR9TuYlk', '1984-11-11', 'England or Wales', false, true),
       (13, 13, 1, '2025-04-02 12:49:10.39148+00', 'sharan.flora@communities.gov.uk', null, true, null, 'JULIE SYED HABIB EYLES-SPENCER',
        '07777777777', 'urn:fdc:gov.uk:2022:vgKfvjYRO1LnJkmBr7CkEV62g9WoDeD-sZZNt9GCiVU', '1967-03-01', 'England or Wales', true, true),
       (14, 14, 1, '2025-04-02 12:51:57.966276+00', 'rowan.hill@softwire.com', null, true, null, 'Rowan Hill', '07777777777',
        'urn:fdc:gov.uk:2022:pciqch9dYbtBx2rAhxvaCIEu00cQv3NFeIk5f4BesLo', '1908-03-27', 'England or Wales', false, true),
       (18, 18, 1, '2025-04-22 10:52:32.910331+00', 'sandra.lila@communities.gov.uk', null, true, null, 'LISA S C LOOSELEY', '07777777777',
        'urn:fdc:gov.uk:2022:Q2BSE6pweSpQF8oSBhjHAIjEuLlkRJZzJQ4TO0c7wgI', '1973-03-14', 'England or Wales', true, true),
       (19, 19, 1, '2025-10-09 12:44:47.460558+00', 'chris.lightfoot@communities.gov.uk', null, true, null, 'Hello Name', '07777777777',
        'urn:fdc:gov.uk:2022:T0PqJH7B2o8y3t8-cCEsAk1tL8iSf-svJy-O5HvsynE', '2001-01-01', 'England or Wales', false, true),
       (20, 20, 1, '2025-10-17 14:16:57.295418+00', 'Ned.FrederickCalas-Hathaway@softwire.com', null, true, null, 'Ned Calas-Hathaway',
        '07777777777', 'urn:fdc:gov.uk:2022:BqdyyKzMzY6miLk0NSjJZ8j4GHtmuLgL45KisrXMxMg', '1973-06-18', 'England or Wales', false, true),
       (21, 25, 1, '2025-11-07 11:15:00+00', 'dani.swift@communities.gov.uk', null, true, null, 'LISA S C LOOSELEY', '07427585544',
        'urn:fdc:gov.uk:2022:po6yDD8EFb0c0UfVVoEZHKQyN_mvBG81mcZPz1r83Ss', '1973-03-14', 'England or Wales', true, true),
       (22, 26, 1, '2025-11-10 15:30:00+00', 'shannon.okyemba-tsambou@communities.gov.uk', null, true, null, 'KENNETH DECERQUEIRA',
        '07432768528', 'urn:fdc:gov.uk:2022:nzYcgBUq3Exgd00RvATgx6_nIUpEq5vO0mMeeNGoLI8', '1965-07-08', 'England or Wales', true, true),
       (23, 27, 1, '2025-11-10 16:10:00+00', 'rebecca.coll@communities.gov.uk', null, true, null, 'Rebecca Coll', '07764123456',
        'urn:fdc:gov.uk:2022:zLxuwilkLOLLpD3tTmOcG_lE8BNj0NFyqjU17lzn6cI', '1989-03-08', 'England or Wales', false, true),
       (24, 28, 1, '2025-11-07 11:15:00+00', 'adam.jennings@softwire.com', null, true, null, 'KENNETH DECERQUEIRA', '07777777777',
        'urn:fdc:gov.uk:2022:V7SiTu5znvhYuTqkLgN0cOzaGrzkKpGBnrWj8BRQ34Y', '1965-07-08', 'England or Wales', true, true),
       (26, 30, 1, '2025-11-07 11:15:00+00', 'Lewis.Jones@communities.gov.uk', null, true, null, 'KENNETH DECERQUEIRA', '07777777777',
        'urn:fdc:gov.uk:2022:mCqrvLgjky23tcKQNo4C4GjDn13sZNcVhdhfqqvimTc', '1965-07-08', 'England or Wales', true, true)
ON CONFLICT DO NOTHING;

SELECT setval(pg_get_serial_sequence('landlord', 'id'), (SELECT MAX(id) FROM landlord));

INSERT INTO property_ownership (id, is_active, ownership_type, current_num_households, current_num_tenants, registration_number_id,
                                primary_landlord_id, address_id, created_date, last_modified_date,
                                property_build_type,
                                num_bedrooms, bills_included_list, custom_bills_included, furnished_status, rent_frequency,
                                custom_rent_frequency, rent_amount, custom_property_type)
VALUES (1, true, 1, 1, 2, 21, 1, 1, '2024-10-15 00:00:00+00', null, 1,
        1, null, null, 2, 1, null, 123.12, null),
       (2, true, 0, 0, 0, 22, 1, 2, '2025-01-15 00:00:00+00', null, 1,
        null, null, null, null, null, null, null, null),
       (3, true, 0, 0, 0, 23, 1, 3, '2025-01-15 00:00:00+00', null, 1,
        null, null, null, null, null, null, null, null),
       (4, true, 0, 0, 0, 24, 1, 4, '2025-01-15 00:00:00+00', null, 1,
        null, null, null, null, null, null, null, null),
       (5, true, 0, 0, 0, 25, 1, 5, '2026-02-27 00:00:00+00', null, 4,
        null, null, null, null, null, null, null, 'End terrace'),
       (6, true, 1, 1, 2, 31, 1, 7449161, '2026-04-14 00:00:00+00', null, 1,
        1, null, null, 2, 1, null, 123.12, null),
       (7, true, 1, 1, 2, 32, 1, 7449162, '2026-04-14 00:00:00+00', null, 1,
        1, null, null, 2, 1, null, 123.12, null),
       (8, true, 1, 1, 2, 33, 1, 7449163, '2026-04-14 00:00:00+00', null, 1,
        1, null, null, 2, 1, null, 123.12, null),
       (9, true, 1, 1, 2, 34, 1, 7449166, '2026-04-14 00:00:00+00', null, 1,
        1, null, null, 2, 1, null, 123.12, null),
       (10, true, 1, 1, 2, 35, 1, 7449167, '2026-04-14 00:00:00+00', null, 1,
        1, null, null, 2, 1, null, 123.12, null),
       (11, true, 1, 1, 2, 36, 1, 7449170, '2026-04-14 00:00:00+00', null, 1,
        1, null, null, 2, 1, null, 123.12, null),
       (12, true, 0, 0, 0, 37, 1, 7449175, '2026-04-14 00:00:00+00', null, 1,
        null, null, null, null, null, null, null, null),
       (13, true, 0, 0, 0, 38, 1, 7449181, '2026-04-14 00:00:00+00', null, 1,
        null, null, null, null, null, null, null, null),
       (14, true, 0, 0, 0, 39, 1, 7449182, '2026-04-14 00:00:00+00', null, 1,
        null, null, null, null, null, null, null, null),
       (15, true, 0, 0, 0, 40, 1, 7449164, '2026-04-14 00:00:00+00', null, 1,
        null, null, null, null, null, null, null, null),
       (16, true, 0, 0, 0, 41, 1, 7449168, '2026-04-14 00:00:00+00', null, 1,
        null, null, null, null, null, null, null, null),
       (17, true, 0, 0, 0, 42, 1, 7449171, '2026-04-14 00:00:00+00', null, 1,
        null, null, null, null, null, null, null, null)
ON CONFLICT DO NOTHING;

SELECT setval(pg_get_serial_sequence('property_ownership', 'id'), (SELECT MAX(id) FROM property_ownership));

INSERT INTO property_compliance (id, property_ownership_id, created_date, last_modified_date,
                                 gas_safety_upload_id, gas_safety_cert_issue_date, gas_safety_cert_engineer_num, gas_safety_cert_exemption_reason, gas_safety_cert_exemption_other_reason,
                                 eicr_upload_id, eicr_issue_date, eicr_exemption_reason, eicr_exemption_other_reason,
                                 epc_url, epc_expiry_date, tenancy_started_before_epc_expiry, epc_energy_rating, epc_exemption_reason, epc_mees_exemption_reason,
                                 has_fire_safety_declaration, has_keep_property_safe_declaration, has_responsibility_to_tenants_declaration)
VALUES
       (1, 6, '2026-04-14', '2026-04-14',
        null, '2026-01-15', '1234567', null, null,
        null, '2024-06-15', null, null,
        'https://find-energy-certificate-staging.digital.communities.gov.uk/energy-certificate/0000-0000-0000-0892-1563', '2031-06-15', null, 'c', null, null,
        true, true, true),
       (2, 7, '2026-04-14', '2026-04-14',
        null, '2024-06-01', '1234567', null, null,
        null, '2020-01-15', null, null,
        'https://find-energy-certificate-staging.digital.communities.gov.uk/energy-certificate/0000-0000-0000-0961-0832', '2025-04-14', false, 'c', null, null,
        true, true, true),
       (3, 8, '2026-04-14', '2026-04-14',
        null, null, null, 0, null,
        null, null, 0, null,
        null, null, null, null, 0, null,
        true, true, true),
       (4, 9, '2026-04-14', '2026-04-14',
        null, null, null, 0, null,
        null, null, 0, null,
        'https://find-energy-certificate-staging.digital.communities.gov.uk/energy-certificate/0000-0000-0000-1050-2867', '2031-06-15', null, 'f', null, 0,
        true, true, true),
       (5, 10, '2026-04-14', '2026-04-14',
        null, null, null, null, null,
        null, null, null, null,
        null, null, null, null, null, null,
        true, true, true),
       (6, 11, '2026-04-14', '2026-04-14',
        null, '2026-01-15', '1234567', null, null,
        null, '2024-06-15', null, null,
        'https://find-energy-certificate-staging.digital.communities.gov.uk/energy-certificate/0000-0000-0000-1050-2867', '2031-06-15', null, 'g', null, null,
        true, true, true),
       (7, 12, '2026-04-14', '2026-04-14',
        null, '2026-01-15', '1234567', null, null,
        null, '2024-06-15', null, null,
        'https://find-energy-certificate-staging.digital.communities.gov.uk/energy-certificate/0000-0000-0000-0892-1563', '2031-06-15', null, 'c', null, null,
        true, true, true),
       (8, 13, '2026-04-14', '2026-04-14',
        null, '2024-06-01', '1234567', null, null,
        null, '2020-01-15', null, null,
        'https://find-energy-certificate-staging.digital.communities.gov.uk/energy-certificate/0000-0000-0000-0961-0832', '2025-04-14', false, 'c', null, null,
        true, true, true),
       (9, 14, '2026-04-14', '2026-04-14',
        null, null, null, 0, null,
        null, null, 0, null,
        null, null, null, null, 0, null,
        true, true, true),
       (10, 15, '2026-04-14', '2026-04-14',
        null, null, null, 0, null,
        null, null, 0, null,
        'https://find-energy-certificate-staging.digital.communities.gov.uk/energy-certificate/0000-0000-0000-1050-2867', '2031-06-15', null, 'f', null, 0,
        true, true, true),
       (11, 16, '2026-04-14', '2026-04-14',
        null, null, null, null, null,
        null, null, null, null,
        null, null, null, null, null, null,
        true, true, true),
       (12, 17, '2026-04-14', '2026-04-14',
        null, '2026-01-15', '1234567', null, null,
        null, '2024-06-15', null, null,
        'https://find-energy-certificate-staging.digital.communities.gov.uk/energy-certificate/0000-0000-0000-1050-2867', '2031-06-15', null, 'g', null, null,
        true, true, true)
ON CONFLICT DO NOTHING;

SELECT setval(pg_get_serial_sequence('property_compliance', 'id'), (SELECT MAX(id) FROM property_compliance));

INSERT INTO system_operator (id, created_date, last_modified_date, subject_identifier)
VALUES (1, '2025-02-19 12:01:07.575927+00', null, 'urn:fdc:gov.uk:2022:_RNZomOzEjxF4o2NzxWskS062b7hTVWLFI8TYsmoWAk'), -- travis.woodward@communities.gov.uk
       (2, '2025-02-26 17:02:19.625996+00', null, 'urn:fdc:gov.uk:2022:DySqeEXIC4G2xauOirtTDcezwCPLZgQPUQZmQ-aIIMk'), -- travis.woodward@softwire.com
       (4, '2025-03-06 15:32:59.529898+00', null, 'urn:fdc:gov.uk:2022:A9B5GpzhlOrNoGQM65oUESHL5i3O9fp0wjizEFVcCrU'), -- alexander.read@softwire.com
       (6, '2025-03-12 17:12:19.833105+00', null, 'urn:fdc:gov.uk:2022:07lXHJeQwE0k5PZO7w_PQF425vT8T7e63MrvyPYNSoI'), -- jasmin.conterio@softwire.com
       (7, '2025-03-17 10:13:36.388805+00', null, 'urn:fdc:gov.uk:2022:ListhqO1Hu6G90tyF_Rozj4F0YkLHreBnCQZ3JQSiEU'), -- kiran.randhawakukar@softwire.com
       (9, '2025-04-01 11:15:40.136113+00', null, 'urn:fdc:gov.uk:2022:DXI5RSmCmbPQQhBAPCbw1nkL-Dauufg6VOWdR9TuYlk'), -- norris.orighoye@communities.gov.uk
       (10, '2025-04-02 12:52:16.995889+00', null, 'urn:fdc:gov.uk:2022:vgKfvjYRO1LnJkmBr7CkEV62g9WoDeD-sZZNt9GCiVU'), -- sharan.flora@communities.gov.uk
       (11, '2025-04-02 13:01:55.29454+00', null, 'urn:fdc:gov.uk:2022:pciqch9dYbtBx2rAhxvaCIEu00cQv3NFeIk5f4BesLo'), -- rowan.hill@softwire.com
       (14, '2025-04-22 10:55:55.704192+00', null, 'urn:fdc:gov.uk:2022:Q2BSE6pweSpQF8oSBhjHAIjEuLlkRJZzJQ4TO0c7wgI'), -- sandra.lila@communities.gov.uk
       (15, '2025-05-01 12:01:07.575927+00', null, 'urn:fdc:gov.uk:2022:GzFopg--2AyE6XtssVWwQTPELVQFupHJOjpONWS2uz0'), -- Team-PRSDB+systemoperator@softwire.com
       (16, '2025-07-08 13:58:19.927000+00', null, 'urn:fdc:gov.uk:2022:kob7zYIuzdrUxKTYq7160l_6Tj2ScXTPJ876jZVvAFA'), -- catherine.graham2@communities.gov.uk
       (17, '2025-10-09 12:44:47.460558+00', null, 'urn:fdc:gov.uk:2022:T0PqJH7B2o8y3t8-cCEsAk1tL8iSf-svJy-O5HvsynE'), -- chris.lightfoot@communities.gov.uk
       (18, '2025-10-23 13:07:12.755421+00', null, 'urn:fdc:gov.uk:2022:BqdyyKzMzY6miLk0NSjJZ8j4GHtmuLgL45KisrXMxMg'), -- Ned.FrederickCalas-Hathaway@softwire.com
       (19, '2025-11-10 16:02:36.605000+00', null, 'urn:fdc:gov.uk:2022:nzYcgBUq3Exgd00RvATgx6_nIUpEq5vO0mMeeNGoLI8'), -- shannon.okyemba-tsambou@communities.gov.uk
       (20, '2025-11-10 16:03:02.159000+00', null, 'urn:fdc:gov.uk:2022:zLxuwilkLOLLpD3tTmOcG_lE8BNj0NFyqjU17lzn6cI'), -- rebecca.coll@communities.gov.uk
       (21, '2025-11-10 16:10:00.000000+00', null, 'urn:fdc:gov.uk:2022:mCqrvLgjky23tcKQNo4C4GjDn13sZNcVhdhfqqvimTc'), --Lewis.Jones@communities.gov.uk
       (22, '2025-12-01 10:33:22.395944+00', null, 'urn:fdc:gov.uk:2022:V7SiTu5znvhYuTqkLgN0cOzaGrzkKpGBnrWj8BRQ34Y')  -- Adam.Jennings@softwire.com
ON CONFLICT DO NOTHING;

SELECT setval(pg_get_serial_sequence('system_operator', 'id'), (SELECT MAX(id) FROM system_operator));

INSERT INTO passcode (passcode, created_date, last_modified_date, subject_identifier)
VALUES ('PRSD22', current_date, null, 'urn:fdc:gov.uk:2022:mGHDySEVfCsvfvc6lVWf6Qt9Dv0ZxPQWKoEzcjnBlUo'), -- Team-PRSDB+landlord@softwire.com
       ('PRSD23', current_date, null, 'urn:fdc:gov.uk:2022:_RNZomOzEjxF4o2NzxWskS062b7hTVWLFI8TYsmoWAk'), -- travis.woodward@communities.gov.uk
       ('PRSD24', current_date, null, 'urn:fdc:gov.uk:2022:A9B5GpzhlOrNoGQM65oUESHL5i3O9fp0wjizEFVcCrU'), -- alexander.read@softwire.com
       ('PRSD25', current_date, null, 'urn:fdc:gov.uk:2022:ListhqO1Hu6G90tyF_Rozj4F0YkLHreBnCQZ3JQSiEU'), -- kiran.randhawakukar@softwire.com
       ('PRSD26', current_date, null, 'urn:fdc:gov.uk:2022:07lXHJeQwE0k5PZO7w_PQF425vT8T7e63MrvyPYNSoI'), -- jasmin.conterio@softwire.com
       ('PRSD27', current_date, null, 'urn:fdc:gov.uk:2022:sgO5-g7fThIp2MhXMcvFo5N6ObnstGFVNSYFkghMd24'), -- Team-PRSDB+Unverified@softwire.com
       ('PRSD29', current_date, null, 'urn:fdc:gov.uk:2022:La9gwI6zvuzT3yvKjsKEH2cDbtL88wNbiqAeXQ0plEM'), -- team-prsdb+verified@softwire.com
       ('PRSD34', current_date, null, 'urn:fdc:gov.uk:2022:ea8XwChQkjezm4MgGJIzI_HRm7l8IPPTIMT705UQXjI'), -- geetika.kejriwal@communities.gov.uk
       ('PRSD35', current_date, null, 'urn:fdc:gov.uk:2022:kob7zYIuzdrUxKTYq7160l_6Tj2ScXTPJ876jZVvAFA'), -- catherine.graham2@communities.gov.uk
       ('PRSD37', current_date, null, 'urn:fdc:gov.uk:2022:DXI5RSmCmbPQQhBAPCbw1nkL-Dauufg6VOWdR9TuYlk'), -- norris.orighoye@communities.gov.uk
       ('PRSD39', current_date, null, 'urn:fdc:gov.uk:2022:vgKfvjYRO1LnJkmBr7CkEV62g9WoDeD-sZZNt9GCiVU'), -- sharan.flora@communities.gov.uk
       ('PRSD42', current_date, null, 'urn:fdc:gov.uk:2022:pciqch9dYbtBx2rAhxvaCIEu00cQv3NFeIk5f4BesLo'), -- rowan.hill@softwire.com
       ('PRSD52', current_date, null, 'urn:fdc:gov.uk:2022:Q2BSE6pweSpQF8oSBhjHAIjEuLlkRJZzJQ4TO0c7wgI'), -- sandra.lila@communities.gov.uk
       ('PRSD53', current_date, null, 'urn:fdc:gov.uk:2022:T0PqJH7B2o8y3t8-cCEsAk1tL8iSf-svJy-O5HvsynE'), -- chris.lightfoot@communities.gov.uk
       ('PRSD54', current_date, null, 'urn:fdc:gov.uk:2022:BqdyyKzMzY6miLk0NSjJZ8j4GHtmuLgL45KisrXMxMg'), -- Ned.FrederickCalas-Hathaway@softwire.com
       ('PRSD55', current_date, null, 'urn:fdc:gov.uk:2022:po6yDD8EFb0c0UfVVoEZHKQyN_mvBG81mcZPz1r83Ss'), -- Dani
       ('PRSD56', current_date, null, 'urn:fdc:gov.uk:2022:nzYcgBUq3Exgd00RvATgx6_nIUpEq5vO0mMeeNGoLI8'), -- Shannon
       ('PRSD57', current_date, null, 'urn:fdc:gov.uk:2022:zLxuwilkLOLLpD3tTmOcG_lE8BNj0NFyqjU17lzn6cI'), -- Rebecca
       ('PRSD58', current_date, null, 'urn:fdc:gov.uk:2022:mCqrvLgjky23tcKQNo4C4GjDn13sZNcVhdhfqqvimTc'), -- Lewis
       ('PRSD59', current_date, null, 'urn:fdc:gov.uk:2022:V7SiTu5znvhYuTqkLgN0cOzaGrzkKpGBnrWj8BRQ34Y')  -- Adam
ON CONFLICT DO NOTHING;
