INSERT INTO one_login_user (id, name, email, created_date, last_modified_date)
VALUES ('urn:fdc:gov.uk:2022:ABCDE', 'Bob T Builder', 'bobthebuilder@gmail.com', '09/13/24', '09/13/24'),
       ('urn:fdc:gov.uk:2022:FGHIJ', 'Anne Other', 'Anne.Other@hotmail.com', '09/13/24', '09/13/24'),
       ('urn:fdc:gov.uk:2022:KLMNO', 'Ford Prefect', 'Ford.Prefect@hotmail.com', '10/07/24', '10/07/24'),
       ('urn:fdc:gov.uk:2022:UVWXY', 'Mock User', 'test@example.com', '10/14/24', '10/14/24'),
       ('urn:fdc:gov.uk:2022:PQRST', 'Arthur Dent', 'Arthur.Dent@hotmail.com', '10/09/24', '10/09/24'),
       ('urn:fdc:gov.uk:2022:07lXHJeQwE0k5PZO7w_PQF425vT8T7e63MrvyPYNSoI', 'Jasmin Conterio',
        'jasmin.conterio@softwire.com', '10/07/24', '10/07/24'),
       ('urn:fdc:gov.uk:2022:mwfvbb5GgiDh0acjz9EDDQ7zwskWZzUSnWfavL70f6s', 'Isobel Ibironke',
        'isobel.ibironke@softwire.com', '10/02/24', '10/02/24'),
       ('urn:fdc:gov.uk:2022:mGHDySEVfCsvfvc6lVWf6Qt9Dv0ZxPQWKoEzcjnBlUo', 'PRSDB Landlord',
        'Team-PRSDB+landlord@softwire.com', '10/15/24', '10/15/24'),
       ('urn:fdc:gov.uk:2022:n93slCXHsxJ9rU6-AFM0jFIctYQjYf0KN9YVuJT-cao', 'PRSDB LA Admin',
        'Team-PRSDB+laadmin@softwire.com', '10/15/24', '10/15/24'),
       ('urn:fdc:gov.uk:2022:cgVX2oJWKHMwzm8Gzx25CSoVXixVS0rw32Sar4Om8vQ', 'PRSDB La User',
        'Team-PRSDB+lauser@softwire.com', '10/15/24', '10/15/24'),
        ('urn:fdc:gov.uk:2022:A', '','','01/15/25','01/15/25'),
       ('urn:fdc:gov.uk:2022:B', '','','01/15/25','01/15/25'),
       ('urn:fdc:gov.uk:2022:C', '','','01/15/25','01/15/25'),
       ('urn:fdc:gov.uk:2022:D', '','','01/15/25','01/15/25'),
       ('urn:fdc:gov.uk:2022:E', '','','01/15/25','01/15/25'),
       ('urn:fdc:gov.uk:2022:F', '','','01/15/25','01/15/25'),
       ('urn:fdc:gov.uk:2022:G', '','','01/15/25','01/15/25'),
       ('urn:fdc:gov.uk:2022:H', '','','01/15/25','01/15/25'),
       ('urn:fdc:gov.uk:2022:I', '','','01/15/25','01/15/25'),
       ('urn:fdc:gov.uk:2022:J', '','','01/15/25','01/15/25'),
       ('urn:fdc:gov.uk:2022:K', '','','01/15/25','01/15/25'),
       ('urn:fdc:gov.uk:2022:L', '','','01/15/25','01/15/25'),
       ('urn:fdc:gov.uk:2022:M', '','','01/15/25','01/15/25'),
       ('urn:fdc:gov.uk:2022:N', '','','01/15/25','01/15/25'),
       ('urn:fdc:gov.uk:2022:O', '','','01/15/25','01/15/25'),
       ('urn:fdc:gov.uk:2022:P', '','','01/15/25','01/15/25'),
       ('urn:fdc:gov.uk:2022:Q', '','','01/15/25','01/15/25'),
       ('urn:fdc:gov.uk:2022:R', '','','01/15/25','01/15/25'),
       ('urn:fdc:gov.uk:2022:S', '','','01/15/25','01/15/25'),
       ('urn:fdc:gov.uk:2022:T', '','','01/15/25','01/15/25'),
       ('urn:fdc:gov.uk:2022:U', '','','01/15/25','01/15/25'),
       ('urn:fdc:gov.uk:2022:V', '','','01/15/25','01/15/25'),
       ('urn:fdc:gov.uk:2022:W', '','','01/15/25','01/15/25'),
       ('urn:fdc:gov.uk:2022:X', '','','01/15/25','01/15/25'),
       ('urn:fdc:gov.uk:2022:Y', '','','01/15/25','01/15/25'),
       ('urn:fdc:gov.uk:2022:Z', '','','01/15/25','01/15/25');


INSERT INTO local_authority (id, name, created_date, last_modified_date)
VALUES (1, 'Betelgeuse', '09/13/24', '09/13/24');

INSERT INTO local_authority_user (subject_identifier, is_manager, local_authority_id, created_date, last_modified_date,
                                  name, email)
VALUES ('urn:fdc:gov.uk:2022:UVWXY', true, 1, '10/14/24', '10/14/24', 'Mock User', 'test@la.com');

INSERT INTO registration_number (id, created_date, number, type)
VALUES (1, '09/13/24', 2001001001, 1),
       (2, '09/13/24', 3002001002, 1),
       (3, '10/07/24', 4003001003, 1),
       (4, '10/14/24', 5004001004, 1),
       (5, '10/09/24', 6005001005, 1),
       (6, '12/10/24', 7006001006, 1),
       (7, '12/19/24', 8005001007, 1),
       (8,'01/15/25',1001001001,1),
       (9,'01/15/25',1001001002,1),
       (10,'01/15/25',1001001003,1),
       (11,'01/15/25',1001001004,1),
       (12,'01/15/25',1001001005,1),
       (13,'01/15/25',1001001006,1),
       (14,'01/15/25',1001001007,1),
       (15,'01/15/25',1001001008,1),
       (16,'01/15/25',1001001009,1),
       (17,'01/15/25',1001001010,1),
       (18,'01/15/25',1001001011,1),
       (19,'01/15/25',1001001012,1),
       (20,'01/15/25',1001001013,1),
       (21,'01/15/25',1001001014,1),
       (22,'01/15/25',1001001015,1),
       (23,'01/15/25',1001001016,1),
       (24,'01/15/25',1001001017,1),
       (25,'01/15/25',1001001018,1),
       (26,'01/15/25',1001001019,1),
       (27,'01/15/25',1001001020,1),
       (28,'01/15/25',1001001021,1),
       (29,'01/15/25',1001001022,1),
       (30,'01/15/25',1001001023,1),
       (31,'01/15/25',1001001024,1),
       (32,'01/15/25',1001001025,1),
       (33,'01/15/25',100100106,1);


INSERT INTO address (id, created_date, last_modified_date, uprn, single_line_address)
VALUES (1, '09/13/24', '09/13/24', 1, '1 Fictional Road'),
       (2, '09/13/24', '09/13/24', 2, '2 Fake Way'),
       (3, '09/13/24', '09/13/24', 3, '3 Imaginary Street'),
       (4, '09/13/24', '09/13/24', 4, '4 Pretend Crescent'),
       (5, '09/13/24', '09/13/24', 5, '5 Mythical Place'),
       (6, '12/10/2024', '12/10/2024', 1123456, '1, Example Road, EG');

INSERT INTO landlord (id, created_date, last_modified_date, registration_number_id, address_id, date_of_birth,
                      is_active, phone_number, subject_identifier, name, email)
VALUES (1, '09/13/24', '09/13/24', 1, 1, '09/13/2000', true, 07111111111, 'urn:fdc:gov.uk:2022:UVWXY',
        'Alexander Smith', 'alex.surname@example.com'),
       (2, '09/13/24', '09/13/24', 2, 2, '08/13/2001', true, 07111111111, 'urn:fdc:gov.uk:2022:ABCDE',
        'Alexandra Davies', 'alexandra.q.davies@example.com'),
       (3, '09/13/24', '09/13/24', 3, 3, '07/13/1997', true, 07111111111, 'urn:fdc:gov.uk:2022:PQRST',
        'Evan Alexandrescu', 'unrelatedemail@completelydifferentdomain.com'),
       (4, '09/13/24', '09/13/24', 4, 4, '06/13/1989', true, 07111111111,
        'urn:fdc:gov.uk:2022:07lXHJeQwE0k5PZO7w_PQF425vT8T7e63MrvyPYNSoI', 'Tobias Evans PRSDB', 'tobyevans@importantco.com'),
       (5, '09/13/24', '09/13/24', 5, 5, '05/13/1950', true, 07111111111,
        'urn:fdc:gov.uk:2022:mwfvbb5GgiDh0acjz9EDDQ7zwskWZzUSnWfavL70f6s', 'Margaret Mary Smith PRSDB',
        'mm.smith@importantco.com'),
       (6, '12/19/24', '12/19/24', 7, 5, '06/13/1989', true, 07111111111,
        'urn:fdc:gov.uk:2022:mGHDySEVfCsvfvc6lVWf6Qt9Dv0ZxPQWKoEzcjnBlUo', 'PRSDB Landlord',
        'Team-PRSDB+landlord@softwire.com'),
       (7, '01/15/25', '01/15/25', 6, 5, '06/13/1989', true, 0,'urn:fdc:gov.uk:2022:FGHIJ', 'PRSDB','test@example.com'),
       (8, '01/15/25', '01/15/25', 8, 5, '06/13/1989', true, 0,'urn:fdc:gov.uk:2022:A', 'PRSDB','test@example.com'),
       (9, '01/15/25', '01/15/25', 9, 5, '06/13/1989', true, 0,'urn:fdc:gov.uk:2022:B', 'PRSDB','test@example.com'),
       (10, '01/15/25', '01/15/25', 10, 5, '06/13/1989', true, 0,'urn:fdc:gov.uk:2022:C', 'PRSDB','test@example.com'),
       (11, '01/15/25', '01/15/25', 11, 5, '06/13/1989', true, 0,'urn:fdc:gov.uk:2022:D', 'PRSDB','test@example.com'),
       (12, '01/15/25', '01/15/25', 12, 5, '06/13/1989', true, 0,'urn:fdc:gov.uk:2022:E', 'PRSDB','test@example.com'),
       (13, '01/15/25', '01/15/25', 13, 5, '06/13/1989', true, 0,'urn:fdc:gov.uk:2022:F', 'PRSDB','test@example.com'),
       (14, '01/15/25', '01/15/25', 14, 5, '06/13/1989', true, 0,'urn:fdc:gov.uk:2022:G', 'PRSDB','test@example.com'),
       (15, '01/15/25', '01/15/25', 15, 5, '06/13/1989', true, 0,'urn:fdc:gov.uk:2022:H', 'PRSDB','test@example.com'),
       (16, '01/15/25', '01/15/25', 16, 5, '06/13/1989', true, 0,'urn:fdc:gov.uk:2022:I', 'PRSDB','test@example.com'),
       (17, '01/15/25', '01/15/25', 17, 5, '06/13/1989', true, 0,'urn:fdc:gov.uk:2022:J', 'PRSDB','test@example.com'),
       (18, '01/15/25', '01/15/25', 18, 5, '06/13/1989', true, 0,'urn:fdc:gov.uk:2022:K', 'PRSDB','test@example.com'),
       (19, '01/15/25', '01/15/25', 19, 5, '06/13/1989', true, 0,'urn:fdc:gov.uk:2022:L', 'PRSDB','test@example.com'),
       (20, '01/15/25', '01/15/25', 20, 5, '06/13/1989', true, 0,'urn:fdc:gov.uk:2022:M', 'PRSDB','test@example.com'),
       (21, '01/15/25', '01/15/25', 21, 5, '06/13/1989', true, 0,'urn:fdc:gov.uk:2022:N', 'PRSDB','test@example.com'),
       (22, '01/15/25', '01/15/25', 22, 5, '06/13/1989', true, 0,'urn:fdc:gov.uk:2022:O', 'PRSDB','test@example.com'),
       (23, '01/15/25', '01/15/25', 23, 5, '06/13/1989', true, 0,'urn:fdc:gov.uk:2022:P', 'PRSDB','test@example.com'),
       (24, '01/15/25', '01/15/25', 24, 5, '06/13/1989', true, 0,'urn:fdc:gov.uk:2022:Q', 'PRSDB','test@example.com'),
       (25, '01/15/25', '01/15/25', 25, 5, '06/13/1989', true, 0,'urn:fdc:gov.uk:2022:R', 'PRSDB','test@example.com'),
       (26, '01/15/25', '01/15/25', 26, 5, '06/13/1989', true, 0,'urn:fdc:gov.uk:2022:S', 'PRSDB','test@example.com'),
       (27, '01/15/25', '01/15/25', 27, 5, '06/13/1989', true, 0,'urn:fdc:gov.uk:2022:T', 'PRSDB','test@example.com'),
       (28, '01/15/25', '01/15/25', 28, 5, '06/13/1989', true, 0,'urn:fdc:gov.uk:2022:U', 'PRSDB','test@example.com'),
       (29, '01/15/25', '01/15/25', 29, 5, '06/13/1989', true, 0,'urn:fdc:gov.uk:2022:V', 'PRSDB','test@example.com'),
       (30, '01/15/25', '01/15/25', 30, 5, '06/13/1989', true, 0,'urn:fdc:gov.uk:2022:W', 'PRSDB','test@example.com'),
       (31, '01/15/25', '01/15/25', 31, 5, '06/13/1989', true, 0,'urn:fdc:gov.uk:2022:X', 'PRSDB','test@example.com'),
       (32, '01/15/25', '01/15/25', 32, 5, '06/13/1989', true, 0,'urn:fdc:gov.uk:2022:Y', 'PRSDB','test@example.com'),
       (33, '01/15/25', '01/15/25', 33, 5, '06/13/1989', true, 0,'urn:fdc:gov.uk:2022:Z', 'PRSDB','test@example.com');